{
"type": "FeatureCollection",
"name": "lane_borders",
"crs": { "type": "name", "properties": { "name": "urn:ogc:def:crs:OGC:1.3:CRS84" } },
"features": [
{ "type": "Feature", "properties": { "fid": 1, "type": "solid lane line" }, "geometry": { "type": "LineString", "coordinates": [ [ -111.914742107662335, 40.782463256367521 ], [ -111.914701668269515, 40.782463332330153 ], [ -111.914607165556589, 40.782463429126189 ], [ -111.914505697820928, 40.782464070270422 ], [ -111.914418817088631, 40.782464595729195 ], [ -111.914355313995898, 40.782464609727946 ], [ -111.914322705508113, 40.78246470504191 ], [ -111.914291386345099, 40.78246495320554 ], [ -111.914260334207185, 40.782465117707488 ], [ -111.914239365942535, 40.782465324612033 ], [ -111.914215474074766, 40.782465493523169 ] ] } },
{ "type": "Feature", "properties": { "fid": 2, "type": "dashed lane line" }, "geometry": { "type": "LineString", "coordinates": [ [ -111.914742225836093, 40.782430823910502 ], [ -111.914702538382898, 40.782430975449863 ], [ -111.914669715399199, 40.782431072562225 ], [ -111.91463603659345, 40.78243133952386 ], [ -111.914586700451608, 40.782431893653573 ], [ -111.914553455147569, 40.782432483304916 ], [ -111.914528783720655, 40.78243251576901 ], [ -111.914510663379417, 40.7824331078385 ], [ -111.914492428511466, 40.782433170819367 ], [ -111.914438158527673, 40.782433763987662 ], [ -111.914381738922657, 40.782434048014998 ], [ -111.914342271197043, 40.782434578197325 ], [ -111.914278630339822, 40.782434973753553 ], [ -111.914256606828388, 40.782435148253654 ], [ -111.914239301150033, 40.782435176653173 ], [ -111.914215997257728, 40.782435850514872 ] ] } },
{ "type": "Feature", "properties": { "fid": 3, "type": "median lane" }, "geometry": { "type": "LineString", "coordinates": [ [ -111.914741456520161, 40.782403419836754 ], [ -111.914673666925552, 40.782403739783085 ], [ -111.91460330613684, 40.782404297502779 ], [ -111.914555820939611, 40.782404239006844 ], [ -111.914498769000431, 40.782405343477606 ], [ -111.914452859890957, 40.782405489881448 ], [ -111.914367343044489, 40.782406385000584 ], [ -111.91433243972061, 40.782406009277274 ], [ -111.914271517566519, 40.782406492003275 ], [ -111.914216452848478, 40.782406493422897 ] ] } },
{ "type": "Feature", "properties": { "fid": 4, "type": "median lane" }, "geometry": { "type": "LineString", "coordinates": [ [ -111.914741174459067, 40.782372437841971 ], [ -111.914686827804402, 40.782372651226815 ], [ -111.914645349036235, 40.782372545154608 ], [ -111.914602438680021, 40.782372341698071 ], [ -111.914574253845899, 40.782371695362052 ], [ -111.91453963655951, 40.782371317434261 ], [ -111.914472851044152, 40.782371846737647 ], [ -111.914431087747033, 40.782371851559979 ], [ -111.914392612181231, 40.782371721597194 ], [ -111.914313652950767, 40.782371042678399 ], [ -111.914254440981722, 40.782371076977796 ], [ -111.914217693456735, 40.782371802997758 ] ] } },
{ "type": "Feature", "properties": { "fid": 5, "type": "dashed lane line" }, "geometry": { "type": "LineString", "coordinates": [ [ -111.914742104337392, 40.782346392844708 ], [ -111.914705636887746, 40.782346681933383 ], [ -111.91468604457144, 40.782346837242947 ], [ -111.914668384376071, 40.782347085950228 ], [ -111.914643353220271, 40.782346958215328 ], [ -111.914604584194251, 40.782346287066346 ], [ -111.914537941714784, 40.782346815273613 ], [ -111.914501757299902, 40.782346884621411 ], [ -111.914456572395309, 40.782346386576926 ], [ -111.91433470732747, 40.782345830259644 ], [ -111.914262895627246, 40.782344877236035 ], [ -111.914262430100635, 40.782344826566266 ], [ -111.914232854662728, 40.782344462956466 ], [ -111.914216733309075, 40.78234480811885 ] ] } },
{ "type": "Feature", "properties": { "fid": 6, "type": "dashed_solid lane" }, "geometry": { "type": "LineString", "coordinates": [ [ -111.914741259395299, 40.782317385800269 ], [ -111.914708078198217, 40.782317431404813 ], [ -111.914677185153636, 40.782317458861861 ], [ -111.914642570878044, 40.782317298374217 ], [ -111.914614821060709, 40.782317083466232 ], [ -111.914583355977598, 40.782317115432342 ], [ -111.914547314588688, 40.78231718366073 ], [ -111.914515843540741, 40.782316780789301 ], [ -111.914473217747982, 40.782316466312665 ], [ -111.914395119622313, 40.782315998058294 ], [ -111.914308142978143, 40.782314730369322 ], [ -111.914264659128918, 40.782314422614604 ], [ -111.914227467700286, 40.782314064988789 ], [ -111.914217457031313, 40.782314144302916 ] ] } },
{ "type": "Feature", "properties": { "fid": 7, "type": "solid lane" }, "geometry": { "type": "LineString", "coordinates": [ [ -111.914740030072025, 40.782477969962635 ], [ -111.914687974472372, 40.782478382619203 ], [ -111.914655362251708, 40.782478206265331 ], [ -111.914641061262515, 40.782478319624353 ], [ -111.91458957770071, 40.782478727702205 ], [ -111.914557537519229, 40.782478546786599 ], [ -111.914526641416927, 40.782478356794591 ], [ -111.914505478934274, 40.782478741951287 ], [ -111.91447658795245, 40.782478753487624 ], [ -111.914444553734668, 40.782479007359775 ], [ -111.914412808518165, 40.782479476366014 ], [ -111.914389637931805, 40.782479442548485 ], [ -111.91436904450542, 40.782479605737521 ], [ -111.914351874371548, 40.782479089496874 ], [ -111.914302953057231, 40.782478607410518 ], [ -111.91423485649031, 40.782477407499158 ], [ -111.914215407142933, 40.782477561596124 ] ] } },
{ "type": "Feature", "properties": { "fid": 8, "type": "solid lane" }, "geometry": { "type": "LineString", "coordinates": [ [ -111.914741621135789, 40.782302053891939 ], [ -111.9147032916039, 40.782302140308175 ], [ -111.914666389184134, 40.782301997966044 ], [ -111.914638925392225, 40.782301780796558 ], [ -111.914602308991419, 40.782301636166792 ], [ -111.914572554064947, 40.78230121970838 ], [ -111.914521060201125, 40.782300866820705 ], [ -111.914464997487954, 40.782301093701598 ], [ -111.91443266839056, 40.78230069760756 ], [ -111.914395330232921, 40.782300069407128 ], [ -111.914336979366496, 40.782300314358139 ], [ -111.914319393667483, 40.782300779854872 ], [ -111.914299245722702, 40.782302135384022 ], [ -111.914272651913151, 40.782302780966745 ], [ -111.914255499713505, 40.782303569168739 ], [ -111.914216306157471, 40.782303227402643 ] ] } },
{ "type": "Feature", "properties": { "fid": 9, "type": "solid lane" }, "geometry": { "type": "LineString", "coordinates": [ [ -111.914205925997464, 40.782297221513389 ], [ -111.914169303635404, 40.782296641926983 ], [ -111.914140576529604, 40.782287737319145 ], [ -111.914119291886408, 40.782279208611094 ], [ -111.914101361973664, 40.782265000059859 ], [ -111.914089718521709, 40.782250306839394 ], [ -111.914085529448215, 40.782236859165344 ], [ -111.914081936260217, 40.782225146236343 ], [ -111.914080535838096, 40.782206458073965 ], [ -111.914092703344721, 40.782175921036036 ], [ -111.914098876518992, 40.782167174804542 ], [ -111.91409720497937, 40.782149575956026 ], [ -111.914097559415737, 40.782133700523651 ], [ -111.91409655217889, 40.78210196325356 ], [ -111.914097350476368, 40.782076734676572 ], [ -111.914097921950173, 40.781993235793955 ], [ -111.914097540406303, 40.781965407364382 ], [ -111.914096682213668, 40.781944540573726 ], [ -111.914097497836877, 40.781837122100441 ], [ -111.914098477821767, 40.78180428192011 ], [ -111.914098817214153, 40.781766445850067 ], [ -111.91409904943734, 40.781741656622472 ], [ -111.914099114736388, 40.781704692456259 ], [ -111.914099045900514, 40.781657944857045 ], [ -111.914098842930414, 40.781601413824539 ], [ -111.914096775103403, 40.781575773083958 ], [ -111.914095767880269, 40.781544035810718 ], [ -111.914095371029731, 40.781452499561645 ], [ -111.914095936826129, 40.781410313030989 ], [ -111.914095120374739, 40.78139248997303 ], [ -111.914095674384512, 40.781370307393644 ], [ -111.914095182562718, 40.781334434804748 ], [ -111.914095355174041, 40.78130529738268 ], [ -111.914094150154668, 40.781092222345343 ], [ -111.914094608380296, 40.781000461882243 ], [ -111.914093297141534, 40.780946548821973 ], [ -111.914093880824993, 40.780905666745603 ], [ -111.914095203452462, 40.780876955077773 ], [ -111.914095471448221, 40.780854774762176 ], [ -111.914095959748721, 40.780806935576365 ], [ -111.914095691487418, 40.780787368707813 ], [ -111.91409518477235, 40.780750409067011 ], [ -111.914094827091688, 40.780724319908643 ], [ -111.914095080052633, 40.780680178951634 ] ] } },
{ "type": "Feature", "properties": { "fid": 10, "type": "median" }, "geometry": { "type": "LineString", "coordinates": [ [ -111.914003981192621, 40.782214239789432 ], [ -111.914002273576173, 40.782131411261332 ], [ -111.914003071687077, 40.782064435508957 ], [ -111.914003059321757, 40.781980071518049 ], [ -111.914000455028813, 40.781915297046716 ], [ -111.914000019877975, 40.78188355524297 ], [ -111.913996283447318, 40.781819659471054 ], [ -111.91399269583529, 40.781724887000983 ], [ -111.913985997925991, 40.781653621954746 ], [ -111.913983685542874, 40.781568406443093 ], [ -111.91398325595982, 40.781453605096246 ], [ -111.913984268075751, 40.781277041286039 ], [ -111.913983552388984, 40.781141368607607 ], [ -111.913982777498774, 40.781084842099759 ], [ -111.913982884198575, 40.780967427296588 ], [ -111.913983157995702, 40.780903934616276 ], [ -111.913984146678516, 40.780809125882904 ], [ -111.913982406178192, 40.780682158641788 ] ] } },
{ "type": "Feature", "properties": { "fid": 11, "type": "solid lane" }, "geometry": { "type": "LineString", "coordinates": [ [ -111.913959937292375, 40.782214806088703 ], [ -111.913960068036275, 40.782140877760575 ], [ -111.913960991365315, 40.782083033211777 ], [ -111.913961593009219, 40.782043455600757 ], [ -111.913961723949839, 40.782011274447221 ], [ -111.913962420965277, 40.781978653943362 ] ] } },
{ "type": "Feature", "properties": { "fid": 12, "type": "solid" }, "geometry": { "type": "LineString", "coordinates": [ [ -111.913834285854477, 40.782271899033901 ], [ -111.913854170099668, 40.782261739629334 ], [ -111.913866048790382, 40.782251861057752 ], [ -111.913874724648295, 40.782237876620229 ], [ -111.913878862944145, 40.782226754751271 ], [ -111.913880954405698, 40.782212387594903 ], [ -111.913882083505868, 40.782190417897894 ], [ -111.913882604806844, 40.782165843815996 ], [ -111.913882393217719, 40.782150407733532 ], [ -111.913881427841247, 40.782132150989227 ], [ -111.913881378632581, 40.782118126936524 ], [ -111.913880006544161, 40.782091067367972 ], [ -111.913876547362065, 40.782047390687666 ], [ -111.913875027798525, 40.782020006136861 ], [ -111.913873549957586, 40.781995665320572 ], [ -111.913873585578528, 40.781956527058561 ], [ -111.913872614213375, 40.78192739869985 ], [ -111.913875083579768, 40.781773653851729 ], [ -111.913873489182137, 40.781636466110108 ], [ -111.91387589041662, 40.781602962374386 ], [ -111.913874299075275, 40.781486865628871 ], [ -111.913873637109788, 40.781313359143773 ], [ -111.913876532287532, 40.781086335901129 ], [ -111.913874589465692, 40.780986331990235 ], [ -111.913873474828264, 40.780863273592686 ], [ -111.913870957081002, 40.780783930391472 ], [ -111.913871374024424, 40.78073087337232 ], [ -111.913872970775742, 40.780680416207993 ] ] } },
{ "type": "Feature", "properties": { "fid": 13, "type": "solid lane" }, "geometry": { "type": "LineString", "coordinates": [ [ -111.914170011226801, 40.782483846309312 ], [ -111.914142621884665, 40.782489064262059 ], [ -111.91412128665101, 40.782497713178486 ], [ -111.914107393892209, 40.782506737998546 ], [ -111.914096108099031, 40.782518133930104 ], [ -111.914089115583579, 40.782529713283289 ], [ -111.914082748760734, 40.782545201477006 ], [ -111.914078908423647, 40.782557190725086 ], [ -111.914079501467597, 40.782579581646537 ], [ -111.914081920785918, 40.782589129542004 ], [ -111.914088666180319, 40.782601252365495 ], [ -111.914100256074988, 40.782617250608467 ], [ -111.914102243722439, 40.782621393272358 ], [ -111.91410388874155, 40.782678782604016 ], [ -111.914104590525668, 40.782698672181716 ], [ -111.914102579839209, 40.782755438173332 ], [ -111.914102611578059, 40.782820341729 ], [ -111.914101937280378, 40.782896339969611 ], [ -111.914101285119202, 40.782942658404338 ], [ -111.914100869941521, 40.783006260899327 ], [ -111.914100289322334, 40.783057797162755 ], [ -111.914100061722877, 40.783103786083103 ], [ -111.914099905666305, 40.783154992832564 ], [ -111.914099472604036, 40.783217290867881 ], [ -111.914096282225643, 40.783297548982418 ], [ -111.91409849111497, 40.783458649461203 ], [ -111.914100762623065, 40.783624315535782 ], [ -111.914095490322438, 40.783803087356482 ], [ -111.914098413783705, 40.783891124623025 ], [ -111.914099111341997, 40.78394199845367 ], [ -111.914100685326204, 40.784056790685192 ], [ -111.91410338523238, 40.784128522233289 ] ] } },
{ "type": "Feature", "properties": { "fid": 14, "type": "solid lane" }, "geometry": { "type": "LineString", "coordinates": [ [ -111.913965373765734, 40.782574859595179 ], [ -111.913964659072846, 40.782647922810391 ], [ -111.913963291968372, 40.7827359940826 ], [ -111.913963976137751, 40.782817199960412 ], [ -111.913962970772744, 40.782853410549635 ], [ -111.91396273429028, 40.782930057621193 ], [ -111.913981049063253, 40.783014059195473 ], [ -111.913986943924485, 40.783037169136612 ], [ -111.913988928309053, 40.783056722404687 ], [ -111.913990041215087, 40.783075304126314 ], [ -111.913989589996362, 40.783104987329416 ], [ -111.913989451568867, 40.783126188160793 ], [ -111.913989746646322, 40.783147711708089 ], [ -111.913988647490115, 40.783192729082025 ], [ -111.913988549300541, 40.78321686494224 ], [ -111.913989715860609, 40.783239360035495 ], [ -111.913990010939344, 40.783260883582365 ], [ -111.913991088082938, 40.783276856388532 ], [ -111.91399120983202, 40.783473523725483 ], [ -111.9139883508591, 40.783703155789574 ], [ -111.913984080099382, 40.784017597954708 ], [ -111.913982972343462, 40.784124583835748 ], [ -111.913983893018141, 40.784129142639088 ] ] } },
{ "type": "Feature", "properties": { "fid": 15, "type": "solid lane" }, "geometry": { "type": "LineString", "coordinates": [ [ -111.913811490220027, 40.782507913055824 ], [ -111.913835647763634, 40.782517343159121 ], [ -111.913845801490311, 40.782522481141903 ], [ -111.91385662558443, 40.782529570713429 ], [ -111.913867056412116, 40.782539272596971 ], [ -111.913873898598709, 40.782553242848842 ], [ -111.913875480724087, 40.782574756205264 ], [ -111.913875643887309, 40.782586659380677 ], [ -111.9138746429457, 40.782623196085432 ], [ -111.913874964802275, 40.782646676321647 ], [ -111.913873222079388, 40.782707353985558 ], [ -111.913873696036447, 40.782773232489454 ], [ -111.913871857480771, 40.782905174638628 ], [ -111.913872394025304, 40.782975618741524 ], [ -111.913872700352741, 40.783029267953516 ], [ -111.913870921861943, 40.783087336698614 ], [ -111.913872683043678, 40.78318451538108 ], [ -111.913873282065381, 40.783228214705289 ], [ -111.91387375156539, 40.7832937670889 ], [ -111.91387410519151, 40.783444771624936 ], [ -111.913873810384231, 40.783485868828315 ], [ -111.913876621771522, 40.78356575325008 ], [ -111.913875504655678, 40.783609466163256 ], [ -111.91387423107534, 40.7836417650744 ], [ -111.913876027812293, 40.783678931914508 ], [ -111.91387424931753, 40.783737000653325 ], [ -111.91387476788455, 40.783774829915423 ], [ -111.913875331156731, 40.783815920320507 ], [ -111.91387466083745, 40.783829623918116 ], [ -111.913875179406389, 40.783867453179596 ], [ -111.913877789649575, 40.783932662451626 ], [ -111.913879282532946, 40.783978963888579 ], [ -111.913880726243733, 40.784021678067681 ], [ -111.913881489963302, 40.784034351089353 ], [ -111.913881555631448, 40.784041097791501 ], [ -111.913881718834858, 40.784129299612736 ] ] } },
{ "type": "Feature", "properties": { "fid": 16, "type": "solid lane" }, "geometry": { "type": "LineString", "coordinates": [ [ -111.914004324612989, 40.78280265207939 ], [ -111.914005664664373, 40.782681313743481 ], [ -111.914005463302132, 40.78263532821768 ], [ -111.914006620566042, 40.782594550326472 ], [ -111.914006321018007, 40.782572700662818 ] ] } },
{ "type": "Feature", "properties": { "fid": 17, "type": "median lane" }, "geometry": { "type": "LineString", "coordinates": [ [ -111.914174396811333, 40.78240731584637 ], [ -111.913819160545458, 40.782410129675519 ] ] } },
{ "type": "Feature", "properties": { "fid": 18, "type": "median lane" }, "geometry": { "type": "LineString", "coordinates": [ [ -111.914172608898781, 40.782370801232965 ], [ -111.913823781444179, 40.78237160740278 ] ] } },
{ "type": "Feature", "properties": { "fid": 19, "type": "solid lane" }, "geometry": { "type": "LineString", "coordinates": [ [ -111.914171501423951, 40.782477787142547 ], [ -111.913814673820724, 40.78248974576082 ] ] } },
{ "type": "Feature", "properties": { "fid": 20, "type": "solid lane" }, "geometry": { "type": "LineString", "coordinates": [ [ -111.914172614118343, 40.782465058484938 ], [ -111.913816193263642, 40.782475383136259 ] ] } },
{ "type": "Feature", "properties": { "fid": 21, "type": "solid lane" }, "geometry": { "type": "LineString", "coordinates": [ [ -111.914171791583072, 40.782436363818931 ], [ -111.914064118598816, 40.782438195260085 ], [ -111.91399719893937, 40.782439377650547 ], [ -111.913910981889117, 40.782441365143896 ], [ -111.913850922224725, 40.78244216696654 ], [ -111.913818758418856, 40.7824434001406 ] ] } },
{ "type": "Feature", "properties": { "fid": 22, "type": "solid lane" }, "geometry": { "type": "LineString", "coordinates": [ [ -111.914171813195267, 40.782344063252751 ], [ -111.913979992576245, 40.782342321298295 ], [ -111.913826377882316, 40.782341907207361 ] ] } },
{ "type": "Feature", "properties": { "fid": 23, "type": "solid lane" }, "geometry": { "type": "LineString", "coordinates": [ [ -111.914171853191789, 40.782315687902532 ], [ -111.91382980555602, 40.782310243529835 ] ] } },
{ "type": "Feature", "properties": { "fid": 24, "type": "solid lane" }, "geometry": { "type": "LineString", "coordinates": [ [ -111.914171254241197, 40.782303298954957 ], [ -111.91396135641962, 40.782297460237103 ], [ -111.913827034706287, 40.78229591488185 ] ] } },
{ "type": "Feature", "properties": { "fid": 25, "type": "median lane" }, "geometry": { "type": "LineString", "coordinates": [ [ -111.913769448923304, 40.782367634654335 ], [ -111.913711496477859, 40.782365647443655 ], [ -111.913661925743938, 40.782364735361249 ], [ -111.913562992090533, 40.78236242026248 ], [ -111.913358244697946, 40.782356702745304 ], [ -111.913206288005767, 40.782352034757224 ], [ -111.913110777679194, 40.78234903987812 ], [ -111.912976849166029, 40.782344881223125 ], [ -111.912721863051075, 40.782336461638955 ], [ -111.912659653846163, 40.782336953694134 ], [ -111.912537885487808, 40.782343461293436 ], [ -111.912176021413586, 40.782363608418365 ], [ -111.912130571084319, 40.78236592460344 ], [ -111.911992519571726, 40.782374028016044 ], [ -111.911893053904492, 40.782379869435836 ], [ -111.911764197472777, 40.782385779934422 ], [ -111.911620747324463, 40.782391316361675 ], [ -111.911507487998151, 40.782392537251276 ], [ -111.911419952604064, 40.782392250248272 ], [ -111.911336265101824, 40.78239095433895 ], [ -111.911250988799168, 40.782391138590292 ] ] } },
{ "type": "Feature", "properties": { "fid": 26, "type": "solid lane" }, "geometry": { "type": "LineString", "coordinates": [ [ -111.913769891301811, 40.782337299218518 ], [ -111.913635560570484, 40.782335101412343 ], [ -111.913498208769596, 40.782331622767344 ], [ -111.91320675520862, 40.782323492950347 ], [ -111.913062087623175, 40.782318440934901 ], [ -111.912717376539717, 40.782306491342709 ], [ -111.912590339372201, 40.782304234627503 ], [ -111.912256903649819, 40.782301000529294 ], [ -111.912167218777213, 40.78230040493672 ], [ -111.911808921699034, 40.782298996822753 ], [ -111.911399534511787, 40.782295381943243 ], [ -111.91127423132869, 40.78229441468212 ], [ -111.911224662890405, 40.782293664609 ] ] } },
{ "type": "Feature", "properties": { "fid": 27, "type": "solid lane" }, "geometry": { "type": "LineString", "coordinates": [ [ -111.913769696841641, 40.782307458050411 ], [ -111.913710468535925, 40.782306296317181 ], [ -111.913647799064123, 40.782304509501017 ], [ -111.913580839308324, 40.782302756618769 ], [ -111.913440466502863, 40.782297997223971 ], [ -111.913328007381224, 40.782294973618072 ], [ -111.913212107104698, 40.782291324836926 ], [ -111.912929618687173, 40.782279861868574 ], [ -111.912730902537305, 40.782275889343303 ], [ -111.912643331595049, 40.782272994350691 ], [ -111.91228671955912, 40.782269291343944 ], [ -111.912128363379281, 40.782267281729268 ], [ -111.911893215540246, 40.782266204939283 ], [ -111.911579537617783, 40.782264443488899 ], [ -111.911215641052721, 40.782261447018598 ] ] } },
{ "type": "Feature", "properties": { "fid": 28, "type": "solid lane" }, "geometry": { "type": "LineString", "coordinates": [ [ -111.91375652094419, 40.782293130260754 ], [ -111.913631624462113, 40.782290531590462 ], [ -111.913472374422511, 40.78228592169976 ], [ -111.913437176206628, 40.782284895740268 ] ] } },
{ "type": "Feature", "properties": { "fid": 29, "type": "solid lane" }, "geometry": { "type": "LineString", "coordinates": [ [ -111.913833299125557, 40.782271648646685 ], [ -111.913823049377029, 40.782275154393062 ], [ -111.91380731275224, 40.782277480529395 ], [ -111.913777096414321, 40.782279921330755 ], [ -111.913747486743034, 40.782279666584131 ], [ -111.913715316308966, 40.782280410556936 ], [ -111.91367121686929, 40.782279536690872 ], [ -111.913622910940489, 40.782276983827458 ], [ -111.9135797801693, 40.782276346869097 ], [ -111.913537597955823, 40.78227447932305 ], [ -111.913499930597325, 40.782273309856016 ], [ -111.913432812782005, 40.782271761982678 ], [ -111.913364727979584, 40.782270099418319 ], [ -111.913229962800401, 40.782263583093126 ], [ -111.913117279178834, 40.782259827221274 ], [ -111.9128377974546, 40.78224858484684 ], [ -111.91279176406475, 40.78224748133151 ], [ -111.912720947588426, 40.782246084608502 ], [ -111.912692303245137, 40.7822458219553 ], [ -111.912591555343624, 40.78224417267262 ], [ -111.912422266807596, 40.782242820684964 ], [ -111.912244287101288, 40.782241292547553 ], [ -111.912060515513986, 40.782239809915957 ], [ -111.912024138623295, 40.782238874379182 ], [ -111.911993238537562, 40.782238384769151 ], [ -111.911984869137072, 40.78223820630518 ], [ -111.911963861847553, 40.782237516192374 ], [ -111.911941370622912, 40.782234208220416 ], [ -111.911914769289027, 40.782230382348281 ], [ -111.911866375636563, 40.782221408367249 ], [ -111.911842899037083, 40.78221664048867 ], [ -111.911787227920755, 40.782204972093716 ], [ -111.911743831957807, 40.782190821709918 ], [ -111.911682218494235, 40.782168192659796 ] ] } },
{ "type": "Feature", "properties": { "fid": 30, "type": "solid lane" }, "geometry": { "type": "LineString", "coordinates": [ [ -111.911644325467876, 40.782150513033336 ], [ -111.911560631377469, 40.7821016402278 ], [ -111.911527509804316, 40.78207988676408 ], [ -111.911493387830575, 40.782055572763028 ], [ -111.911445038155421, 40.782014492880023 ], [ -111.911364306715626, 40.781935142284532 ], [ -111.911292032572362, 40.781838846583398 ], [ -111.91125335256919, 40.781763566819706 ], [ -111.911243796042484, 40.781735389555756 ], [ -111.911228393810063, 40.781667998162135 ], [ -111.911202325708416, 40.781526573429062 ], [ -111.911184441424538, 40.781418840577125 ], [ -111.91110896079428, 40.781052517942697 ], [ -111.911081989898378, 40.780933298874189 ], [ -111.911051088436338, 40.78079136187224 ], [ -111.911037642283915, 40.780725789590598 ], [ -111.91102507051707, 40.780671217963722 ] ] } },
{ "type": "Feature", "properties": { "fid": 31, "type": "solid lane" }, "geometry": { "type": "LineString", "coordinates": [ [ -111.910959900802695, 40.78067081517522 ], [ -111.910968194579908, 40.780712578428876 ], [ -111.910978111753025, 40.780767171019122 ], [ -111.910995357464117, 40.780863534478911 ], [ -111.911008798592377, 40.780928739884978 ], [ -111.911027627691496, 40.781034997640063 ], [ -111.911047032938527, 40.781130426740695 ], [ -111.911077831105246, 40.781282454813571 ], [ -111.91110522829851, 40.781432858593874 ], [ -111.911152026178726, 40.781678324554122 ], [ -111.911158931101298, 40.781759725963759 ], [ -111.911160324440161, 40.781808698596471 ], [ -111.911160207802837, 40.781835484576163 ], [ -111.911147450578511, 40.781890990021651 ], [ -111.911139671625676, 40.781922239527873 ], [ -111.911127061101439, 40.781953160265559 ], [ -111.911101594350285, 40.781997024664967 ], [ -111.911085077428012, 40.782024673974824 ], [ -111.911067097484477, 40.782051234077848 ], [ -111.911038619414697, 40.782086683111238 ], [ -111.911022650966174, 40.782101485930575 ], [ -111.911005267127152, 40.78211868489317 ] ] } },
{ "type": "Feature", "properties": { "fid": 32, "type": "solid lane" }, "geometry": { "type": "LineString", "coordinates": [ [ -111.911077830334719, 40.782147832385157 ], [ -111.911122618444736, 40.782104916186256 ], [ -111.911150121137453, 40.782068740997033 ], [ -111.911174481524952, 40.782032223695872 ], [ -111.911196622302413, 40.781992238190405 ], [ -111.911211973290591, 40.78194992132768 ], [ -111.911224986200665, 40.781913126705504 ], [ -111.91124030834159, 40.781833384368234 ], [ -111.91126989942353, 40.781879382425593 ], [ -111.911285642738108, 40.781901089751102 ], [ -111.911317136920502, 40.781945054713624 ], [ -111.911349463557926, 40.781979289749458 ], [ -111.911381785213536, 40.782013157896671 ], [ -111.911447238453448, 40.782069513289215 ], [ -111.911476513794682, 40.782092397913921 ], [ -111.911505774108377, 40.782114181893967 ], [ -111.911535950847338, 40.782132381170783 ], [ -111.911579258398021, 40.782157723348462 ], [ -111.911622285775067, 40.78218022410416 ] ] } },
{ "type": "Feature", "properties": { "fid": 33, "type": "solid lane" }, "geometry": { "type": "LineString", "coordinates": [ [ -111.911861178369932, 40.782264929289866 ], [ -111.911836243748411, 40.782259439094872 ], [ -111.911804011571959, 40.782249786996346 ], [ -111.911780029731233, 40.782243371963858 ], [ -111.911753838308911, 40.782234222496186 ], [ -111.911716002922262, 40.782220762001835 ], [ -111.911691734619424, 40.78221104694709 ], [ -111.911669168164309, 40.782202235737671 ], [ -111.911658738367592, 40.782198465496094 ] ] } },
{ "type": "Feature", "properties": { "fid": 34, "type": "solid lane" }, "geometry": { "type": "LineString", "coordinates": [ [ -111.911802596214613, 40.782252183151236 ], [ -111.911715210186927, 40.782251039048127 ], [ -111.911637019729781, 40.782251656822019 ], [ -111.911555410540629, 40.782249366201789 ], [ -111.911453062145796, 40.782248340099414 ], [ -111.911384504768449, 40.782247413936204 ], [ -111.911211688430114, 40.782246944179207 ] ] } },
{ "type": "Feature", "properties": { "fid": 35, "type": "solid lane" }, "geometry": { "type": "LineString", "coordinates": [ [ -111.911245048146071, 40.782356756311685 ], [ -111.911350287640275, 40.782357392845498 ], [ -111.911463239630422, 40.782357234525051 ], [ -111.911562667163679, 40.782356449099616 ], [ -111.911597418533603, 40.782356174561791 ], [ -111.911630259337869, 40.782357382782216 ], [ -111.911662094693014, 40.78235566358854 ], [ -111.911708449919132, 40.782356765011585 ], [ -111.911723636083067, 40.782355360807095 ], [ -111.911758118526706, 40.78235307029361 ], [ -111.911787784424263, 40.782351551666714 ], [ -111.911848322859456, 40.782348504854731 ], [ -111.911911983509711, 40.782344332580656 ], [ -111.911977569763835, 40.78233977813391 ], [ -111.912059058617544, 40.782333263360691 ], [ -111.912013191080973, 40.782332525142451 ], [ -111.911955749797386, 40.782332612214653 ], [ -111.911882858448607, 40.78233245443765 ], [ -111.911791611053786, 40.782331340907795 ], [ -111.911706638210887, 40.782330177729754 ], [ -111.911603687624094, 40.782329248249027 ], [ -111.911506282586345, 40.782327907951384 ], [ -111.911404185430442, 40.782327613658509 ], [ -111.911328391866903, 40.782327019806154 ], [ -111.911259718759126, 40.782326461401603 ], [ -111.911231968445975, 40.782326864009548 ] ] } },
{ "type": "Feature", "properties": { "fid": 36, "type": "solid lane" }, "geometry": { "type": "LineString", "coordinates": [ [ -111.911204763538962, 40.782261216959093 ], [ -111.910932534794185, 40.782262632536977 ] ] } },
{ "type": "Feature", "properties": { "fid": 37, "type": "solid lane" }, "geometry": { "type": "LineString", "coordinates": [ [ -111.911199268782752, 40.782247684362325 ], [ -111.911098383402717, 40.782247747147956 ], [ -111.911015844007906, 40.782248031920865 ], [ -111.91095359125309, 40.782249257236884 ], [ -111.910954053858845, 40.782247785910435 ], [ -111.910957864987665, 40.782244086637043 ], [ -111.910983240284267, 40.782228842642752 ], [ -111.911020511543427, 40.782201029490388 ], [ -111.911030994635809, 40.782191039921834 ], [ -111.911054404174848, 40.782173243001907 ] ] } },
{ "type": "Feature", "properties": { "fid": 38, "type": "dashed lane" }, "geometry": { "type": "LineString", "coordinates": [ [ -111.910930121507548, 40.782262651588482 ], [ -111.910838396565225, 40.782261907992918 ], [ -111.910740899782311, 40.782262677554812 ], [ -111.910494644314682, 40.782257282560437 ] ] } },
{ "type": "Feature", "properties": { "fid": 39, "type": "solid lane" }, "geometry": { "type": "LineString", "coordinates": [ [ -111.911204020600039, 40.781818352078098 ], [ -111.911184952505337, 40.781906563119257 ], [ -111.911166328217945, 40.78195661111689 ], [ -111.911145612837316, 40.781994934227832 ], [ -111.911123972232033, 40.782036199989307 ], [ -111.911104031595698, 40.782060574068211 ], [ -111.911075513433744, 40.782093088078398 ], [ -111.911040358375431, 40.782134460528653 ] ] } },
{ "type": "Feature", "properties": { "fid": 40, "type": "solid lane" }, "geometry": { "type": "LineString", "coordinates": [ [ -111.911016051211107, 40.782157217933708 ], [ -111.910984054107359, 40.782182421015911 ], [ -111.910962550109033, 40.782198368284959 ], [ -111.910940090812048, 40.782215056928784 ], [ -111.910894101606544, 40.782240737364411 ], [ -111.910864910137846, 40.782259313730805 ], [ -111.910843310853124, 40.782268290276576 ], [ -111.910779996019926, 40.782297776614016 ], [ -111.910744454767709, 40.782310899290522 ], [ -111.910709858770801, 40.782322546821312 ], [ -111.910671874133826, 40.782333487248387 ], [ -111.910608861424151, 40.782349762038429 ], [ -111.910537963733006, 40.782362290856845 ], [ -111.910537110730928, 40.782362436560128 ], [ -111.91049474704576, 40.782370843053897 ], [ -111.910403644887339, 40.78238036791943 ], [ -111.910386756858387, 40.782380868080971 ], [ -111.910345243238694, 40.782380828685575 ], [ -111.910285881281382, 40.782381663916482 ] ] } },
{ "type": "Feature", "properties": { "fid": 41, "type": "solid lane" }, "geometry": { "type": "LineString", "coordinates": [ [ -111.910661948507823, 40.782242936690878 ], [ -111.91064201423842, 40.782232453373076 ], [ -111.910622089997332, 40.782222703809843 ], [ -111.910602643408112, 40.782212583555122 ], [ -111.910573493578383, 40.782198870682954 ], [ -111.910554534670908, 40.782189113490176 ], [ -111.910528778489962, 40.782176474582528 ], [ -111.910522926483097, 40.782172117736998 ] ] } },
{ "type": "Feature", "properties": { "fid": 42, "type": "solid lane" }, "geometry": { "type": "LineString", "coordinates": [ [ -111.910487904643063, 40.78215258048062 ], [ -111.910459680094789, 40.782135924929598 ], [ -111.910429997571583, 40.782118547037896 ], [ -111.910390059049277, 40.782092444009457 ], [ -111.91033837150276, 40.782054325344852 ], [ -111.910311504833246, 40.782031054509361 ], [ -111.910275347508517, 40.781999050912617 ], [ -111.91022393489007, 40.78194570290426 ], [ -111.910140360984187, 40.781834818867438 ], [ -111.910092246428547, 40.781740166438439 ], [ -111.910058214081076, 40.781651640541121 ], [ -111.910039439505084, 40.781584642500206 ], [ -111.910035429967735, 40.781538442372714 ], [ -111.91003329595965, 40.781488191348004 ], [ -111.910035605972197, 40.781445243647582 ], [ -111.910044186166388, 40.78129584008493 ], [ -111.910054890319884, 40.781195953787133 ], [ -111.910074295937832, 40.78102628431057 ], [ -111.910096283739477, 40.780798254388436 ], [ -111.910103554301571, 40.780667849177561 ] ] } },
{ "type": "Feature", "properties": { "fid": 43, "type": "solid lane" }, "geometry": { "type": "LineString", "coordinates": [ [ -111.91006256570617, 40.780670832615797 ], [ -111.910056435806624, 40.780787561106763 ], [ -111.910046324525212, 40.780895514946714 ], [ -111.910034488891966, 40.781000913952482 ], [ -111.910025360373638, 40.781110144251585 ], [ -111.910012910865746, 40.781223620303486 ], [ -111.909998281480156, 40.781389582911331 ], [ -111.909993270826305, 40.781446861736953 ], [ -111.90999504039398, 40.781541145874748 ], [ -111.91001503714682, 40.781644642689763 ], [ -111.910050712698805, 40.781747465467234 ], [ -111.910119534399698, 40.781873876510801 ], [ -111.910194677790415, 40.78196831572469 ], [ -111.910272984596574, 40.782046952431983 ], [ -111.910336421158917, 40.782097086749587 ], [ -111.910386133024502, 40.782131918734798 ] ] } },
{ "type": "Feature", "properties": { "fid": 44, "type": "solid lane" }, "geometry": { "type": "LineString", "coordinates": [ [ -111.910439190973719, 40.782164339326229 ], [ -111.91039417450736, 40.782137542527998 ] ] } },
{ "type": "Feature", "properties": { "fid": 45, "type": "solid lane" }, "geometry": { "type": "LineString", "coordinates": [ [ -111.910980234718423, 40.782141356286914 ], [ -111.910963054589644, 40.782155801745368 ], [ -111.910944889088896, 40.782168787305942 ], [ -111.910917583178943, 40.782184046532805 ], [ -111.910907562676869, 40.782192564764934 ], [ -111.910886501213781, 40.782205573177635 ], [ -111.91086448946551, 40.782219689843672 ], [ -111.910841004675305, 40.782231983540221 ], [ -111.910817047243413, 40.78224501479994 ] ] } },
{ "type": "Feature", "properties": { "fid": 46, "type": "dashed lane" }, "geometry": { "type": "LineString", "coordinates": [ [ -111.910575668517808, 40.782243250669914 ], [ -111.910551360283264, 40.782230600341236 ], [ -111.910527539725479, 40.782218313077756 ], [ -111.910504186802243, 40.78220492136353 ], [ -111.910471598275137, 40.782186832576116 ] ] } },
{ "type": "Feature", "properties": { "fid": 47, "type": "solid lane" }, "geometry": { "type": "LineString", "coordinates": [ [ -111.910030442211053, 40.780669067911255 ], [ -111.910023420922627, 40.780720491902777 ], [ -111.910013974443316, 40.78080642537676 ], [ -111.910009184164338, 40.78087984689293 ], [ -111.910003258328445, 40.780940802128136 ], [ -111.909996692665999, 40.781025612122463 ], [ -111.909984968068699, 40.781121470359913 ], [ -111.909967800197435, 40.781278280019229 ], [ -111.909958493783151, 40.781374486098841 ], [ -111.909953140646635, 40.781442041346097 ], [ -111.909951513521577, 40.781499660405871 ], [ -111.909956381194561, 40.781573372668021 ], [ -111.909970399257347, 40.78164554509415 ], [ -111.909994841973514, 40.78172112103325 ], [ -111.91003491496302, 40.781810149686066 ], [ -111.910072696869349, 40.781872778252108 ], [ -111.910105168074438, 40.781917653138734 ], [ -111.910168019722576, 40.781995677979012 ], [ -111.910253163858812, 40.782080131465428 ], [ -111.910357614479267, 40.7821644325712 ], [ -111.910377121134047, 40.782178955416789 ] ] } },
{ "type": "Feature", "properties": { "fid": 48, "type": "solid lane" }, "geometry": { "type": "LineString", "coordinates": [ [ -111.910472588630228, 40.782241679092195 ], [ -111.910410252407459, 40.782201442971989 ] ] } },
{ "type": "Feature", "properties": { "fid": 49, "type": "solid lane" }, "geometry": { "type": "LineString", "coordinates": [ [ -111.910470170333852, 40.782241331255037 ], [ -111.910201732758765, 40.782237578333827 ], [ -111.910035924967559, 40.782237785368281 ], [ -111.909887017686472, 40.782238409276701 ], [ -111.90962058083764, 40.782239776087145 ], [ -111.909218099624695, 40.782246984276959 ] ] } },
{ "type": "Feature", "properties": { "fid": 50, "type": "solid lane" }, "geometry": { "type": "LineString", "coordinates": [ [ -111.909992081875473, 40.780670104273298 ], [ -111.909986961098838, 40.780719311762603 ], [ -111.909981790242725, 40.780764850459263 ], [ -111.909969878441018, 40.780882358378335 ], [ -111.909961991934296, 40.780941127561292 ], [ -111.909948570075699, 40.781089468551983 ], [ -111.909940843756232, 40.781159977865848 ], [ -111.909928447201267, 40.781312713787536 ], [ -111.909922341006961, 40.78136046136494 ], [ -111.909916204762482, 40.781406007666675 ], [ -111.909907222670313, 40.781455245595339 ], [ -111.909893634349544, 40.781520664265614 ], [ -111.909873459098762, 40.781598610107288 ], [ -111.909853848571814, 40.781647198000307 ], [ -111.909822734440752, 40.781701747292047 ], [ -111.90976794814442, 40.781790239731123 ], [ -111.909706139223758, 40.781859340820922 ], [ -111.909649220354055, 40.781915377716196 ], [ -111.909573804245014, 40.781977798008562 ], [ -111.909487681981602, 40.782033881560857 ], [ -111.909333327619692, 40.782112884812889 ], [ -111.90926660863515, 40.782140562555504 ] ] } },
{ "type": "Feature", "properties": { "fid": 51, "type": "solid lane" }, "geometry": { "type": "LineString", "coordinates": [ [ -111.909951248084496, 40.781436002112819 ], [ -111.909946722000825, 40.781458052924215 ], [ -111.909936894792367, 40.78151610356678 ], [ -111.909917599778964, 40.78158780485775 ], [ -111.909898069398565, 40.781642262824548 ], [ -111.909877403447496, 40.781684254508143 ], [ -111.909787491598792, 40.781816320324765 ], [ -111.909763779410923, 40.78184732844619 ], [ -111.90973595712704, 40.781877818588981 ], [ -111.909665962977741, 40.781948451863592 ], [ -111.909610585633615, 40.781993652487273 ], [ -111.909534131515898, 40.782050760615789 ], [ -111.909404835278437, 40.782126631095537 ], [ -111.909291822642956, 40.782175404594625 ] ] } },
{ "type": "Feature", "properties": { "fid": 52, "type": "solid lane" }, "geometry": { "type": "LineString", "coordinates": [ [ -111.909256042327428, 40.78218871215666 ], [ -111.909133012429905, 40.782228574928808 ], [ -111.909070427057685, 40.782240809407874 ], [ -111.908951008119118, 40.782262297606991 ], [ -111.908873852923861, 40.78226804221385 ], [ -111.908804410235334, 40.782272992188496 ], [ -111.908779342041058, 40.782275391134476 ] ] } },
{ "type": "Feature", "properties": { "fid": 53, "type": "solid lane" }, "geometry": { "type": "LineString", "coordinates": [ [ -111.909232364445529, 40.782151473034517 ], [ -111.909167013302152, 40.782173269243458 ], [ -111.90910018412832, 40.782192875548461 ], [ -111.909019805496925, 40.782210020125973 ], [ -111.908914821302332, 40.782228092304223 ], [ -111.908862291672875, 40.782234376763505 ], [ -111.908809495699046, 40.782238828703541 ], [ -111.908785865488284, 40.782240482488056 ] ] } },
{ "type": "Feature", "properties": { "fid": 54, "type": "solid lane" }, "geometry": { "type": "LineString", "coordinates": [ [ -111.909963279794482, 40.780668887145026 ], [ -111.909953244484413, 40.780751132661045 ], [ -111.909942922743667, 40.780843677567695 ], [ -111.909924674375617, 40.780992056618963 ], [ -111.909911346518044, 40.781076553013506 ], [ -111.909880561161003, 40.781367395354394 ], [ -111.909864617648736, 40.781472459808299 ], [ -111.909854620139228, 40.781518036552654 ], [ -111.909841339175614, 40.781570610640067 ], [ -111.909827111420739, 40.781606864311115 ], [ -111.909804244943729, 40.78166446737508 ], [ -111.909790553390749, 40.78168695736435 ], [ -111.909750891595309, 40.781751847752375 ], [ -111.909711984781879, 40.781801321591438 ], [ -111.90970204928081, 40.781816076666345 ], [ -111.909630144561817, 40.781888192656872 ], [ -111.909599112364262, 40.781913387750691 ], [ -111.909563786298477, 40.781942285869178 ], [ -111.909492138735189, 40.781997888407716 ], [ -111.909378107397842, 40.782060429469382 ], [ -111.909280235985975, 40.782104497146221 ], [ -111.90919659398665, 40.782130106690744 ], [ -111.909096646646361, 40.78216354992891 ], [ -111.909040129556089, 40.782178305012629 ], [ -111.908926708921058, 40.782197177501182 ], [ -111.908721302003357, 40.78221383898309 ], [ -111.908205883961841, 40.782222299913165 ], [ -111.907470254056122, 40.78222368454437 ], [ -111.907152132820002, 40.782222516761358 ], [ -111.906719139073573, 40.782222250817178 ], [ -111.905844373937541, 40.782215178425169 ], [ -111.905353008461816, 40.782217567088452 ], [ -111.904792100352779, 40.782217563629267 ], [ -111.904505376704805, 40.782217976941496 ], [ -111.904285762392433, 40.782219331311182 ], [ -111.903937233622216, 40.782218392957454 ], [ -111.903769288546997, 40.78222117615914 ], [ -111.903357063799405, 40.782221835680424 ], [ -111.903269215063716, 40.782222156476458 ], [ -111.903189093825176, 40.782222783638964 ] ] } },
{ "type": "Feature", "properties": { "fid": 55, "type": "solid lane" }, "geometry": { "type": "LineString", "coordinates": [ [ -111.909106454866745, 40.782174847131429 ], [ -111.909037182373567, 40.782192271138179 ], [ -111.908982289519358, 40.782202243455757 ], [ -111.908936059469553, 40.782210312916384 ], [ -111.908882589549066, 40.782218439384799 ], [ -111.908815585205005, 40.782225204753118 ], [ -111.908783277168723, 40.782227660721354 ] ] } },
{ "type": "Feature", "properties": { "fid": 56, "type": "solid lane" }, "geometry": { "type": "LineString", "coordinates": [ [ -111.908773318894916, 40.782240764761504 ], [ -111.908723401352233, 40.782243909777208 ], [ -111.908614124429448, 40.782248072580799 ], [ -111.908537650707459, 40.782250692788395 ], [ -111.908367267584737, 40.78225166728658 ], [ -111.908148588705473, 40.78225082013406 ], [ -111.90769098928854, 40.782251485326888 ], [ -111.90707262486319, 40.782250477238712 ], [ -111.906686956341844, 40.78225167373494 ], [ -111.906555165811966, 40.782250874629092 ], [ -111.906313737140991, 40.782245432787398 ], [ -111.906181478922093, 40.782245737684029 ], [ -111.905951703868624, 40.782245340426385 ], [ -111.90569585531523, 40.782244413528915 ], [ -111.905557327512852, 40.782245133838728 ], [ -111.905394641895867, 40.78224420894427 ], [ -111.904659946808522, 40.782243366809219 ], [ -111.904488334500044, 40.782242694081525 ] ] } },
{ "type": "Feature", "properties": { "fid": 57, "type": "solid_dash line" }, "geometry": { "type": "LineString", "coordinates": [ [ -111.908775000622128, 40.782275608785675 ], [ -111.908663054033084, 40.782278691905432 ], [ -111.908495129127019, 40.782282949502331 ], [ -111.90834455988356, 40.782285602557728 ], [ -111.908133095773607, 40.782282863988051 ], [ -111.907794249961, 40.782284062592545 ], [ -111.906773159296563, 40.78228414133563 ], [ -111.906615967005578, 40.782284887281939 ], [ -111.906427172876178, 40.782280866708255 ], [ -111.906294864717495, 40.782277502940794 ], [ -111.90611144467826, 40.782278209583353 ], [ -111.905781246715307, 40.782276399017171 ], [ -111.905388328104635, 40.782276914246644 ], [ -111.905110282118585, 40.782276527137014 ], [ -111.904902719164028, 40.782276687394429 ], [ -111.904796534350567, 40.782277520065648 ], [ -111.904409402587163, 40.782277619666111 ], [ -111.904324434818406, 40.782276817929038 ], [ -111.904171574771652, 40.782276670448567 ], [ -111.904094342804129, 40.782276786375093 ], [ -111.904044779930885, 40.782276440860599 ], [ -111.903935695826291, 40.782277050842211 ], [ -111.903769628187888, 40.782275905537887 ], [ -111.903558227124208, 40.782277805724931 ], [ -111.903425958827839, 40.782277373704289 ], [ -111.903273415561713, 40.782276855634855 ], [ -111.903190073221012, 40.782277263400701 ] ] } },
{ "type": "Feature", "properties": { "fid": 58, "type": "solid lane" }, "geometry": { "type": "LineString", "coordinates": [ [ -111.90406132635546, 40.78226261292464 ], [ -111.903747880464465, 40.782262132961293 ], [ -111.903478855699916, 40.782262527407106 ], [ -111.90329669948234, 40.782261507391688 ], [ -111.903188584012554, 40.782262353696566 ] ] } },
{ "type": "Feature", "properties": { "fid": 59, "type": "solid lane" }, "geometry": { "type": "LineString", "coordinates": [ [ -111.910493511433714, 40.78225680227451 ], [ -111.910309384624171, 40.782252873532421 ], [ -111.910163910485494, 40.782251574967958 ], [ -111.910001087391521, 40.782252369940792 ], [ -111.909617817362459, 40.782252456563583 ], [ -111.909346919005685, 40.78225703787367 ], [ -111.909177727141724, 40.782262774122877 ], [ -111.908888541053187, 40.782271412247212 ], [ -111.908783039916315, 40.782275178551366 ] ] } },
{ "type": "Feature", "properties": { "fid": 60, "type": "solid lane" }, "geometry": { "type": "LineString", "coordinates": [ [ -111.909218056901551, 40.782246801154095 ], [ -111.909181571534248, 40.782214310574595 ] ] } },
{ "type": "Feature", "properties": { "fid": 61, "type": "solid lane" }, "geometry": { "type": "LineString", "coordinates": [ [ -111.909198790629574, 40.78224988831154 ], [ -111.909162066881734, 40.78222351491447 ], [ -111.909158172270281, 40.782221099476303 ] ] } },
{ "type": "Feature", "properties": { "fid": 62, "type": "dashed line" }, "geometry": { "type": "LineString", "coordinates": [ [ -111.910206871851045, 40.782286949500516 ], [ -111.910051717776582, 40.782283770251993 ], [ -111.90990048505877, 40.782284962896227 ], [ -111.909639193036128, 40.782286044568103 ], [ -111.909339308392973, 40.782288897463395 ], [ -111.909193290692187, 40.782294940331028 ], [ -111.908892855786846, 40.782304645549175 ], [ -111.908768034944302, 40.782307585565214 ], [ -111.908618792750815, 40.782313163876175 ], [ -111.908347257156308, 40.782318237082372 ], [ -111.908175394227285, 40.782316899128752 ], [ -111.908029296384029, 40.782317070456259 ], [ -111.907868397020636, 40.782317358056368 ], [ -111.907529852809674, 40.782317085837256 ], [ -111.907444261425269, 40.782317758977456 ], [ -111.90724505451584, 40.782317123898217 ], [ -111.907156550535319, 40.782316596663023 ], [ -111.906971216426342, 40.782318542782811 ], [ -111.906864676565576, 40.782316934024109 ], [ -111.906717291599676, 40.782317113805846 ], [ -111.906619292010149, 40.782316416161258 ], [ -111.906513264744277, 40.782317004562415 ], [ -111.90634971301975, 40.782311562489468 ], [ -111.906209896348201, 40.782312171400733 ], [ -111.906076002540928, 40.782310532122395 ], [ -111.905920258137542, 40.782311265751638 ], [ -111.90577223626083, 40.782311938551267 ], [ -111.905324893086103, 40.782309578501746 ], [ -111.904481763309121, 40.782309830556436 ], [ -111.904044086540395, 40.78230836821929 ], [ -111.903461001768534, 40.782310488936282 ], [ -111.903190732779791, 40.782314072414707 ] ] } },
{ "type": "Feature", "properties": { "fid": 63, "type": "solid lane" }, "geometry": { "type": "LineString", "coordinates": [ [ -111.910343053526177, 40.782350085952224 ], [ -111.910285952940384, 40.782339773478384 ], [ -111.910228232202698, 40.782331178154948 ], [ -111.910039811987502, 40.782319210641788 ], [ -111.909574443015231, 40.782316520008891 ], [ -111.908838435447578, 40.782337485336917 ], [ -111.908403512840906, 40.782349226917233 ], [ -111.907754726770293, 40.782347483529108 ], [ -111.906880720013859, 40.782348974469151 ], [ -111.906692771704357, 40.782348005338498 ], [ -111.906536383690764, 40.782348744857032 ], [ -111.90628399778204, 40.782342165975251 ], [ -111.905958656004557, 40.78234251928837 ], [ -111.905579936530572, 40.782345981344065 ], [ -111.904892564134371, 40.78234648158012 ], [ -111.904586475510925, 40.782342766237775 ], [ -111.903894293023825, 40.78234452129648 ], [ -111.903398743329035, 40.782346934415642 ], [ -111.903191475359947, 40.782345132385608 ] ] } },
{ "type": "Feature", "properties": { "fid": 64, "type": "solid lane" }, "geometry": { "type": "LineString", "coordinates": [ [ -111.910338230285475, 40.782350368616711 ], [ -111.910216925567909, 40.78235157017388 ], [ -111.910105579083378, 40.782351469998602 ], [ -111.909899930014944, 40.782350401090135 ], [ -111.909591293857503, 40.782348676015204 ], [ -111.9092929610798, 40.782347358146801 ], [ -111.909033981210285, 40.782352823251635 ], [ -111.90884428900452, 40.782365569659575 ], [ -111.908718897842348, 40.78237389558781 ], [ -111.908442406952645, 40.782393195562598 ], [ -111.908236619213156, 40.782405578463909 ], [ -111.908147889966315, 40.782412147522692 ], [ -111.907961195278787, 40.78240872446851 ], [ -111.907607032384064, 40.78239585552889 ], [ -111.907381671793601, 40.782388821862803 ], [ -111.907180765949619, 40.782381595497505 ], [ -111.907044321113077, 40.782381689686417 ], [ -111.906902077714335, 40.782381340063104 ], [ -111.90671317730191, 40.782381356898753 ], [ -111.906515914123915, 40.782381683737107 ], [ -111.90623717599199, 40.782377757901969 ], [ -111.906032173646977, 40.782376921632171 ], [ -111.90553693908538, 40.782378852237024 ], [ -111.905321013060686, 40.782379323490701 ], [ -111.904826728785252, 40.782380142835123 ], [ -111.904400029445497, 40.782381368043872 ], [ -111.90400615309234, 40.782382497605354 ], [ -111.903840542959458, 40.782383468794194 ], [ -111.903190959996039, 40.782386272082597 ] ] } },
{ "type": "Feature", "properties": { "fid": 65, "type": "solid lane" }, "geometry": { "type": "LineString", "coordinates": [ [ -111.910280934918234, 40.782380785640825 ], [ -111.910139355155891, 40.78238190244813 ], [ -111.909995156695757, 40.782379778235004 ], [ -111.909711094587394, 40.782378756591648 ], [ -111.909293175219602, 40.782378789153334 ], [ -111.9091803270707, 40.782378699918624 ] ] } },
{ "type": "Feature", "properties": { "fid": 66, "type": "solid lane" }, "geometry": { "type": "LineString", "coordinates": [ [ -111.910287820079176, 40.782413672460564 ], [ -111.910139349058824, 40.782412886732871 ], [ -111.910037231062887, 40.782413039851036 ], [ -111.90991279461241, 40.782412716575841 ], [ -111.909740306818918, 40.78241277201866 ], [ -111.909627883200358, 40.782412353724986 ], [ -111.909501739523179, 40.782412695764428 ], [ -111.909247718247443, 40.782412088493089 ], [ -111.909161027524263, 40.782410814670655 ] ] } },
{ "type": "Feature", "properties": { "fid": 67, "type": "solid lane" }, "geometry": { "type": "LineString", "coordinates": [ [ -111.910297704004449, 40.782446209472809 ], [ -111.909981044242883, 40.782446097951201 ], [ -111.909559674434078, 40.782444854090841 ], [ -111.909261883072247, 40.782443939562853 ], [ -111.909090253239768, 40.782443987273268 ], [ -111.908688627678131, 40.782443236974721 ], [ -111.908101607740804, 40.782440030665498 ], [ -111.907656901533656, 40.782426569812237 ], [ -111.907374466508784, 40.782419006619236 ], [ -111.906934139563575, 40.782412031540211 ], [ -111.90678395238649, 40.782411254982726 ], [ -111.906612331438112, 40.782411951236504 ], [ -111.906506790004769, 40.78241278042735 ], [ -111.906353975438421, 40.782408110152133 ], [ -111.906076370714587, 40.782408659587425 ], [ -111.905768318115037, 40.782410425814732 ], [ -111.905620284938536, 40.782410283133885 ], [ -111.905326381442251, 40.782411284832612 ], [ -111.905044707503251, 40.782412352936753 ], [ -111.904593334300031, 40.782413446235743 ], [ -111.904069005960636, 40.782413641717369 ], [ -111.903703480771867, 40.78241715731194 ], [ -111.903316459805154, 40.782417578529284 ], [ -111.903194579758264, 40.782415923395078 ] ] } },
{ "type": "Feature", "properties": { "fid": 68, "type": "solid lane" }, "geometry": { "type": "LineString", "coordinates": [ [ -111.910310403352568, 40.782480681172146 ], [ -111.910124177523343, 40.782480193269009 ], [ -111.90997656441337, 40.782479400565506 ], [ -111.909792045800842, 40.782478246363105 ], [ -111.909461621304033, 40.782475632745388 ], [ -111.909189589408925, 40.782475819599362 ], [ -111.909182724923909, 40.782475873686785 ] ] } },
{ "type": "Feature", "properties": { "fid": 69, "type": "solid lane" }, "geometry": { "type": "LineString", "coordinates": [ [ -111.913786023923691, 40.782488107478933 ], [ -111.913658588649753, 40.782488138142504 ], [ -111.913438018144248, 40.782486296778522 ], [ -111.913002038903059, 40.782483550392961 ], [ -111.912709386915338, 40.782481951800129 ], [ -111.912418712425122, 40.782483761401323 ], [ -111.91220072597504, 40.782490458671518 ], [ -111.912164481859463, 40.782491397491292 ], [ -111.91210336292167, 40.782493185227494 ] ] } },
{ "type": "Feature", "properties": { "fid": 71, "type": "solid lane" }, "geometry": { "type": "LineString", "coordinates": [ [ -111.913785079804029, 40.782474008976521 ], [ -111.913667087681063, 40.782474291016861 ], [ -111.913553381384091, 40.782474212855199 ], [ -111.913257283809969, 40.782471664481967 ], [ -111.912753933580234, 40.782468471903783 ], [ -111.912491349450846, 40.782469244108427 ], [ -111.912291946014875, 40.782473878465375 ], [ -111.91221264918471, 40.782475973051561 ], [ -111.912194805872076, 40.782477214866972 ], [ -111.912184515845851, 40.782477785437948 ], [ -111.912163148093498, 40.782480155865834 ], [ -111.912119484074836, 40.782487594785501 ], [ -111.912097186133593, 40.782492540983988 ], [ -111.912057135209338, 40.782505332792347 ], [ -111.912045127290099, 40.782509708421188 ], [ -111.912032495899339, 40.782515556650921 ], [ -111.912017003683403, 40.782523995920734 ], [ -111.911995804870998, 40.782538717907087 ], [ -111.911977671255642, 40.782554027194692 ], [ -111.911968470323771, 40.782563639796393 ], [ -111.911960583246227, 40.782575198912483 ], [ -111.911953317965498, 40.782585163133341 ], [ -111.911947016329009, 40.782594997431637 ], [ -111.911940392917572, 40.782604834272639 ], [ -111.911937763231364, 40.7826125603451 ], [ -111.911928550275334, 40.78263305828893 ], [ -111.911926949622242, 40.782639553166739 ], [ -111.911923559828011, 40.782650526359888 ], [ -111.911910672548046, 40.782715603367365 ] ] } },
{ "type": "Feature", "properties": { "fid": 72, "type": "solid lane" }, "geometry": { "type": "LineString", "coordinates": [ [ -111.913784917312753, 40.782442098543171 ], [ -111.913603417698013, 40.782442068053015 ], [ -111.913452315496869, 40.782441062809518 ], [ -111.913298312321061, 40.782439713410689 ], [ -111.91296762606008, 40.782437560362425 ], [ -111.912716588474012, 40.782435510216786 ], [ -111.912461729796021, 40.782436425089394 ], [ -111.91241011045372, 40.782438667861044 ], [ -111.91231480800964, 40.782441072536002 ], [ -111.912270901152539, 40.782442520429804 ], [ -111.912172461415693, 40.782444949790737 ], [ -111.911987643360703, 40.782449346014182 ], [ -111.911868939466117, 40.782452485651902 ], [ -111.911824539894695, 40.782453203432446 ], [ -111.911719828065358, 40.78245586542959 ], [ -111.91167639129786, 40.782456392086438 ], [ -111.911575276821608, 40.782457374396465 ], [ -111.911519278385811, 40.782457082934528 ], [ -111.911423696924189, 40.782456737188333 ], [ -111.911400039126519, 40.782456373674037 ] ] } },
{ "type": "Feature", "properties": { "fid": 73, "type": "solid lane" }, "geometry": { "type": "LineString", "coordinates": [ [ -111.913770377089136, 40.782367362307369 ], [ -111.91377355459143, 40.782370272492848 ], [ -111.913747724860798, 40.782369926659626 ], [ -111.913694645080668, 40.782371264274431 ], [ -111.913635260581259, 40.782370450273717 ], [ -111.913610158607952, 40.782370373836329 ], [ -111.913553916412113, 40.782369901832539 ], [ -111.913455931860597, 40.782370310632501 ], [ -111.913353103137212, 40.782369473478099 ], [ -111.913183172419465, 40.782368249997269 ], [ -111.913116178526764, 40.782366945571646 ], [ -111.913051267334239, 40.782367917868051 ], [ -111.913016050899287, 40.782369480738573 ], [ -111.912976563390274, 40.782376397710856 ], [ -111.912945281057588, 40.782383249751447 ], [ -111.912906587850557, 40.78239529727508 ], [ -111.91288158005645, 40.782402099656878 ], [ -111.912862339037659, 40.782407021818671 ], [ -111.912828517807228, 40.782404720949508 ], [ -111.912754671117128, 40.78240530511826 ], [ -111.912641698983194, 40.782403997188453 ], [ -111.912497876902677, 40.782405868462412 ], [ -111.91218324400451, 40.78241275917788 ], [ -111.912065500485497, 40.782415524507066 ], [ -111.911891778625474, 40.782419465950333 ], [ -111.911791410778179, 40.78242209368274 ], [ -111.911681862378032, 40.782424060026095 ], [ -111.911550589324264, 40.782425830969451 ], [ -111.91148539030975, 40.782423410661991 ], [ -111.911391679346067, 40.782418647090743 ], [ -111.911297430573342, 40.782409851586436 ], [ -111.911247377651563, 40.782403091961839 ], [ -111.911180379052041, 40.782392613484824 ], [ -111.91118590956502, 40.782391102138178 ], [ -111.911210768970406, 40.782391089288943 ], [ -111.911232010946279, 40.782391288460687 ], [ -111.911239730970479, 40.782391044035791 ] ] } },
{ "type": "Feature", "properties": { "fid": 74, "type": "solid lane" }, "geometry": { "type": "LineString", "coordinates": [ [ -111.912183873587878, 40.78247641457061 ], [ -111.911978336249831, 40.782483542999493 ], [ -111.911964836859283, 40.782484750446997 ], [ -111.911957146938363, 40.782487196193891 ], [ -111.911947986457676, 40.782488002428963 ], [ -111.911942732412541, 40.782492080057025 ], [ -111.911939409002258, 40.78249614242673 ], [ -111.911928895890711, 40.782503930802967 ], [ -111.911923687007402, 40.782511310340261 ], [ -111.911918749561821, 40.7825208892435 ], [ -111.911916429103456, 40.782527695575368 ], [ -111.911915297728797, 40.782533208294936 ], [ -111.911915621858853, 40.782539259889525 ], [ -111.911915836387479, 40.782554943962374 ] ] } },
{ "type": "Feature", "properties": { "fid": 75, "type": "solid lane" }, "geometry": { "type": "LineString", "coordinates": [ [ -111.911914713794218, 40.782561098719974 ], [ -111.911913082426068, 40.782653575087693 ], [ -111.911911266292947, 40.782697252747695 ], [ -111.911909536379866, 40.782711943160912 ], [ -111.911908862114942, 40.782733229765185 ], [ -111.911906920522711, 40.782767735452481 ], [ -111.911906099815411, 40.782813606756015 ], [ -111.911904248547856, 40.782854716262655 ], [ -111.911901120134601, 40.782996554998853 ], [ -111.911900344812494, 40.783133972113227 ], [ -111.911901061052703, 40.783239272067007 ], [ -111.911901628116141, 40.783280729377374 ], [ -111.911903718449622, 40.783327678426822 ], [ -111.911906598476321, 40.783361779087294 ], [ -111.911909986263353, 40.783397710327201 ], [ -111.911914208908328, 40.783424095087881 ], [ -111.911917320692197, 40.783439847990948 ], [ -111.91192449830497, 40.783470520690194 ], [ -111.911933944528087, 40.783508238640657 ], [ -111.911941483123499, 40.783530010712035 ], [ -111.911961570176885, 40.783586907783068 ], [ -111.911970292873818, 40.783607019360574 ], [ -111.911983804173786, 40.783641953288928 ], [ -111.912005011391415, 40.783692512153927 ], [ -111.912035387659174, 40.783760518899527 ], [ -111.912080283388875, 40.783866570389797 ], [ -111.912129166111555, 40.783981763305263 ], [ -111.912163312881063, 40.784078359847371 ], [ -111.91218041642351, 40.784128859386243 ] ] } },
{ "type": "Feature", "properties": { "fid": 76, "type": "solid lane" }, "geometry": { "type": "LineString", "coordinates": [ [ -111.911825824371348, 40.782503002477036 ], [ -111.911840175710452, 40.78251114473666 ], [ -111.911850409397502, 40.78251821877825 ], [ -111.911858264916461, 40.782527880042252 ], [ -111.91186348337493, 40.782538846360112 ], [ -111.911867266402169, 40.782550741317685 ], [ -111.911867811785839, 40.782555323489703 ] ] } },
{ "type": "Feature", "properties": { "fid": 77, "type": "solid lane" }, "geometry": { "type": "LineString", "coordinates": [ [ -111.911869093703515, 40.7825608171376 ], [ -111.911867443603441, 40.782598989707289 ], [ -111.911865347222133, 40.782639825962931 ], [ -111.911863503459202, 40.7826814857887 ], [ -111.911862718784818, 40.782694701057331 ], [ -111.911862911975888, 40.782708825894687 ], [ -111.911861956222182, 40.782727179374838 ], [ -111.911860318660516, 40.782766269140623 ], [ -111.911857536862513, 40.782915810428101 ], [ -111.911857552233172, 40.782952226970984 ], [ -111.911854508474235, 40.783073792786467 ], [ -111.911851760218056, 40.783190494593867 ], [ -111.911851252076801, 40.783250398056964 ], [ -111.911849419432784, 40.7833458113519 ], [ -111.911847969560796, 40.783416271162338 ], [ -111.91184843670348, 40.783432778803387 ] ] } },
{ "type": "Feature", "properties": { "fid": 78, "type": "solid_dash lane" }, "geometry": { "type": "LineString", "coordinates": [ [ -111.911825102891783, 40.782503191637566 ], [ -111.911802397850892, 40.782501903380592 ], [ -111.911751716153063, 40.782502120396479 ], [ -111.911705624731638, 40.782502668040294 ], [ -111.911537392998468, 40.782502162549335 ], [ -111.911267536469424, 40.782500624832004 ], [ -111.911183026015053, 40.782497989942954 ], [ -111.91109080806342, 40.782496516604972 ], [ -111.911033602945011, 40.782496234435108 ], [ -111.910985322005104, 40.782495514863093 ], [ -111.910959122715226, 40.782494620945393 ], [ -111.910957686017326, 40.782495457854445 ], [ -111.910960849618846, 40.782497359201322 ], [ -111.910975310238527, 40.782504675139322 ], [ -111.91098649411316, 40.78251064100052 ], [ -111.911011554093264, 40.782525303353438 ], [ -111.911042197253622, 40.782542306590202 ], [ -111.91106330431532, 40.782554706900484 ], [ -111.911141085413831, 40.782603580888363 ], [ -111.911171176712941, 40.782624349363353 ], [ -111.911196393794597, 40.782641670594614 ], [ -111.91122564924801, 40.782663087763098 ], [ -111.911286372301646, 40.782708839955404 ], [ -111.911340064258511, 40.782752262676361 ], [ -111.911365719910279, 40.78277517591404 ], [ -111.911473767336261, 40.782875225081355 ], [ -111.911518356688973, 40.782923673020242 ], [ -111.911544319010559, 40.782951353735591 ], [ -111.911566384939846, 40.782976496796593 ], [ -111.911584056757903, 40.782998005381963 ], [ -111.911611079777344, 40.783032649154222 ], [ -111.911673999468917, 40.78311544255476 ], [ -111.911712696314581, 40.783174210690269 ], [ -111.911724777459114, 40.783192828078064 ], [ -111.911740342623759, 40.783219123224519 ], [ -111.911777226844279, 40.783286528244446 ], [ -111.911819641241038, 40.783370033965603 ], [ -111.911847070993375, 40.783434394864258 ], [ -111.911863769701867, 40.783472972804674 ], [ -111.911956210011667, 40.783684688058649 ], [ -111.912079580269079, 40.783969542442691 ], [ -111.912148008370181, 40.784128473470901 ] ] } },
{ "type": "Feature", "properties": { "fid": 79, "type": "dash lane" }, "geometry": { "type": "LineString", "coordinates": [ [ -111.9121042097713, 40.784129094881585 ], [ -111.912065362469846, 40.784041754303608 ], [ -111.912024571629232, 40.783944659868546 ], [ -111.911982717489948, 40.783849224954139 ], [ -111.911934845623023, 40.783737326250431 ], [ -111.911915046073702, 40.78369262694374 ], [ -111.91187617858381, 40.783603772915001 ], [ -111.911836911565146, 40.783512170140042 ], [ -111.91178947745847, 40.783405771686503 ], [ -111.911733593360267, 40.783290358745262 ], [ -111.911680186230527, 40.783197216503829 ], [ -111.911611485057819, 40.783097590531781 ], [ -111.911537067384756, 40.783003513453409 ], [ -111.911434889919121, 40.782891493130165 ], [ -111.911354898954968, 40.782813420908788 ], [ -111.911238486733552, 40.782719400112903 ], [ -111.911166425273223, 40.782665206573022 ], [ -111.911052098037374, 40.782591257912649 ], [ -111.91101487377523, 40.782569536696457 ] ] } },
{ "type": "Feature", "properties": { "fid": 80, "type": "solid lane" }, "geometry": { "type": "LineString", "coordinates": [ [ -111.910982677757403, 40.78259786015532 ], [ -111.911037899734836, 40.782625218252001 ], [ -111.911100679908074, 40.782662561038983 ], [ -111.911278030285615, 40.782791600105199 ], [ -111.911343928409693, 40.782851758813536 ], [ -111.911379116372402, 40.782883402805865 ], [ -111.911490724462226, 40.78299672462844 ], [ -111.911517361226146, 40.783031807189673 ], [ -111.91153619177031, 40.783058626947486 ], [ -111.911597023704374, 40.783138776723185 ], [ -111.91164069513259, 40.783208329678551 ], [ -111.911684822721554, 40.783284758734325 ], [ -111.911742098281366, 40.783396032871728 ], [ -111.911752629380757, 40.783424844491954 ], [ -111.911791866124275, 40.783514246025668 ], [ -111.911871829335524, 40.783696064352888 ], [ -111.911887077842522, 40.783725664245594 ], [ -111.911911745241127, 40.783782158207345 ], [ -111.911930111865956, 40.783827969593908 ], [ -111.911954066628923, 40.783885294744067 ], [ -111.911965650029885, 40.783911621325586 ], [ -111.911971275789213, 40.783925886682795 ], [ -111.911997364995642, 40.783980443064685 ], [ -111.912003379119582, 40.783996631672522 ], [ -111.912016180316911, 40.784032580232775 ], [ -111.912027409294964, 40.784059459986324 ], [ -111.912037114983832, 40.78408084800197 ], [ -111.912060217935263, 40.784128823439325 ] ] } },
{ "type": "Feature", "properties": { "fid": 81, "type": "solid lane" }, "geometry": { "type": "LineString", "coordinates": [ [ -111.910529984127066, 40.782626544223064 ], [ -111.910499145666435, 40.782648252300646 ], [ -111.910474091594281, 40.782669364350596 ], [ -111.910447295166591, 40.782695443543425 ], [ -111.910426305676722, 40.782722577668665 ], [ -111.910404301574388, 40.782754948384728 ], [ -111.910391596622148, 40.78277899006099 ], [ -111.910382443988112, 40.782798050308529 ], [ -111.910375929293878, 40.782811448370005 ], [ -111.910366806709504, 40.782832709890506 ], [ -111.910357189969545, 40.782857552764803 ], [ -111.910351480038145, 40.782876861037408 ], [ -111.91034491113831, 40.782899547150642 ], [ -111.910336134847199, 40.782932914248768 ], [ -111.910332414007442, 40.782952069233197 ], [ -111.910324670439266, 40.782994784605826 ], [ -111.910320841858749, 40.783019306623501 ], [ -111.910318421814864, 40.783040928045232 ], [ -111.910317072076822, 40.783074649335113 ], [ -111.910316765123596, 40.783105197725689 ], [ -111.910317215085854, 40.78311826564903 ], [ -111.910319044755013, 40.783139578354842 ], [ -111.910322538781756, 40.783170096758489 ], [ -111.91032608230951, 40.783190983159663 ], [ -111.910331047531969, 40.783209932022203 ], [ -111.910342863122906, 40.783253318651887 ], [ -111.910357299786526, 40.783289804878599 ], [ -111.910362165455965, 40.783301462019033 ], [ -111.910378572469071, 40.783336419158609 ], [ -111.910413962511896, 40.783396131116191 ], [ -111.910474793423049, 40.783476281490039 ], [ -111.910511183810314, 40.783516447111737 ], [ -111.91054166198083, 40.783547853331299 ], [ -111.910590746284598, 40.783602916551558 ], [ -111.910837360845122, 40.783872719133768 ], [ -111.910994598731975, 40.784039893424186 ], [ -111.911075276676712, 40.784128417628438 ] ] } },
{ "type": "Feature", "properties": { "fid": 82, "type": "solid lane" }, "geometry": { "type": "LineString", "coordinates": [ [ -111.910759759290798, 40.782498763113622 ], [ -111.910733484058298, 40.782509978057092 ], [ -111.910688908720971, 40.782533170550764 ], [ -111.910666626678378, 40.782545179530096 ], [ -111.91062312976139, 40.782567813109416 ], [ -111.910600485700499, 40.782579824932967 ], [ -111.910568161723972, 40.782598792862807 ], [ -111.910551697862502, 40.782612682229335 ], [ -111.910530886296115, 40.782626330712262 ] ] } },
{ "type": "Feature", "properties": { "fid": 83, "type": "dash lane" }, "geometry": { "type": "LineString", "coordinates": [ [ -111.911005004042067, 40.782562597301357 ], [ -111.910983827883172, 40.78254955541842 ], [ -111.910959374983662, 40.782535163455798 ], [ -111.91093529912753, 40.782521869267072 ], [ -111.910911227040458, 40.782508850232453 ], [ -111.910888252223785, 40.78249664809762 ] ] } },
{ "type": "Feature", "properties": { "fid": 84, "type": "solid lane" }, "geometry": { "type": "LineString", "coordinates": [ [ -111.910980677781424, 40.782587281171025 ], [ -111.910956592502828, 40.782573299089002 ], [ -111.910930329627305, 40.782558921409411 ], [ -111.910905514741145, 40.782544532293031 ], [ -111.910877441915602, 40.782530168889402 ], [ -111.910856288347347, 40.782518777938144 ], [ -111.910834052562478, 40.782507670714473 ], [ -111.910809081152934, 40.78249507154073 ] ] } },
{ "type": "Feature", "properties": { "fid": 85, "type": "solid lane" }, "geometry": { "type": "LineString", "coordinates": [ [ -111.910663992858687, 40.782501445276388 ], [ -111.910641350706825, 40.782513594687416 ], [ -111.910592016489019, 40.782539576589691 ], [ -111.910576233417657, 40.782550295914604 ], [ -111.910557742897453, 40.782561586980293 ], [ -111.910537735501805, 40.782574472349104 ], [ -111.910524919141309, 40.782583723514655 ], [ -111.910513803463274, 40.782591585314357 ], [ -111.910491586191071, 40.782608340757889 ], [ -111.910477812848285, 40.782620420155915 ], [ -111.910465825050778, 40.782630696735566 ], [ -111.910452234575089, 40.782642912282085 ], [ -111.910434908902459, 40.782659973104558 ], [ -111.910402812164321, 40.782695588125215 ], [ -111.910377614604769, 40.782729394375522 ], [ -111.910367899415803, 40.782743712051449 ], [ -111.910359083494981, 40.782759260981955 ], [ -111.910346530016866, 40.782779483211883 ], [ -111.910324448955592, 40.782822793279415 ], [ -111.910319799657017, 40.782835265057933 ], [ -111.910310179065775, 40.78285899860338 ], [ -111.910299656357779, 40.782888750422693 ], [ -111.910296822046533, 40.782899917933754 ], [ -111.910292019129727, 40.782916054375363 ], [ -111.910286187984269, 40.782936429957921 ], [ -111.910284671708482, 40.782944697587126 ], [ -111.910281613796258, 40.782959375520321 ], [ -111.910274988784977, 40.782991212103418 ], [ -111.910271056204934, 40.783021376312661 ], [ -111.910269120908339, 40.783038728481216 ], [ -111.910267069085918, 40.783067433111519 ], [ -111.910266881119227, 40.783093439946384 ], [ -111.910267027639463, 40.783104171158001 ], [ -111.910271634274977, 40.783153204439714 ], [ -111.910275681306075, 40.783181138586265 ], [ -111.910286194004428, 40.783225223472556 ], [ -111.910303869948038, 40.783276888338705 ], [ -111.910321969157692, 40.783319778216232 ], [ -111.910340799759339, 40.783356573766007 ], [ -111.910361338767757, 40.783389228000445 ], [ -111.910379759121469, 40.783415861990235 ], [ -111.910422269424387, 40.783471716720918 ], [ -111.91043830387035, 40.783492642157029 ], [ -111.910466428057049, 40.783523998172875 ], [ -111.910495652362769, 40.783556377459249 ], [ -111.910642764478951, 40.783711248642227 ], [ -111.910737836177361, 40.783813281342631 ], [ -111.910845535395282, 40.783925327475067 ], [ -111.911032942737094, 40.784127762919091 ] ] } },
{ "type": "Feature", "properties": { "fid": 86, "type": "solid lane" }, "geometry": { "type": "LineString", "coordinates": [ [ -111.91100798144295, 40.784129198345276 ], [ -111.910979078896744, 40.784100531702471 ], [ -111.910946293568941, 40.784065910347778 ], [ -111.910932792576915, 40.784051569517338 ], [ -111.910916695403188, 40.784036010830668 ], [ -111.910890464752541, 40.784009128998925 ], [ -111.910841669991015, 40.783960392969789 ], [ -111.910792377618307, 40.783910009713999 ], [ -111.910740610797447, 40.783857375658748 ], [ -111.910654155703085, 40.783769928766446 ], [ -111.910578416200437, 40.783691684871293 ], [ -111.910423377230785, 40.78353295470729 ], [ -111.910386701296389, 40.78349175935243 ], [ -111.910364380102919, 40.783467787633938 ], [ -111.910315883231604, 40.783415953150474 ], [ -111.910255254500413, 40.78335059249973 ], [ -111.910189691010245, 40.783281762083249 ], [ -111.910113081771769, 40.783199396899988 ], [ -111.910039193340424, 40.783117422989307 ], [ -111.910001462867612, 40.783078506133215 ], [ -111.909856729533416, 40.782918661950269 ], [ -111.909776563503058, 40.782834260665012 ], [ -111.909729786648001, 40.78278901690004 ], [ -111.909695449668121, 40.782759979987773 ], [ -111.909645770929131, 40.782720950816547 ], [ -111.909582752315217, 40.782679343687128 ], [ -111.909528013808639, 40.782647578058771 ], [ -111.909458278309515, 40.782611183597297 ], [ -111.909423435923671, 40.782594843676044 ], [ -111.909386565778433, 40.782579138900203 ], [ -111.909334425722591, 40.782558704244437 ], [ -111.909225354469541, 40.782524889932525 ], [ -111.909162970831446, 40.782509902098759 ], [ -111.909113564880641, 40.782500797344447 ], [ -111.909045828754373, 40.782491527389759 ], [ -111.908965217698352, 40.78248390675472 ], [ -111.908918626627838, 40.782482106648715 ], [ -111.908863607936922, 40.782479547337601 ], [ -111.908841609745238, 40.782479204625346 ], [ -111.908739773507804, 40.782478149150386 ], [ -111.908597747457108, 40.782476790880516 ], [ -111.90854032469008, 40.782477139829439 ], [ -111.908486425743135, 40.782477048222475 ], [ -111.908422351326962, 40.782477449482592 ], [ -111.908335797275171, 40.782477047307005 ], [ -111.908137435842846, 40.782476131925513 ], [ -111.908049030220994, 40.782474350962893 ], [ -111.907997072916729, 40.782472283126246 ], [ -111.90792128764177, 40.782470093167852 ], [ -111.907808842005707, 40.782467572411072 ], [ -111.907531361534296, 40.782458919554372 ], [ -111.907425612272945, 40.782454643025218 ], [ -111.907267318057791, 40.782450005586227 ], [ -111.907057914780111, 40.782445769702697 ], [ -111.906946109545018, 40.782445410183911 ], [ -111.906908847800338, 40.782445780448214 ], [ -111.90686974293169, 40.782445391217031 ], [ -111.906612039476897, 40.78244594573966 ], [ -111.90657364728456, 40.782445550808596 ], [ -111.906540044415422, 40.782445427825742 ], [ -111.906498385855613, 40.782444439356169 ], [ -111.906388593688092, 40.782442360750515 ], [ -111.906322194022863, 40.782441489160718 ], [ -111.906283911007904, 40.782441635054013 ], [ -111.906232186845187, 40.782441731704417 ], [ -111.906201230009231, 40.782441510444777 ], [ -111.906154798962731, 40.782441488094285 ], [ -111.906020599523472, 40.782441613126451 ], [ -111.905842833407689, 40.782442699198832 ], [ -111.905454299677643, 40.782444045931534 ], [ -111.905322140639797, 40.782444463727899 ], [ -111.905290776557251, 40.782444245419121 ], [ -111.905268219648732, 40.782443996705211 ], [ -111.905232849269268, 40.782444932066554 ], [ -111.905178776086586, 40.782444504894471 ], [ -111.905131333225015, 40.782444954450767 ], [ -111.905079707707799, 40.782444817619961 ], [ -111.905029824532789, 40.782445518466346 ], [ -111.9049981581678, 40.782445534639621 ], [ -111.90494093409599, 40.782445519052992 ], [ -111.904800010894633, 40.782445385808728 ], [ -111.904563584784754, 40.782445691514802 ], [ -111.904006443513651, 40.78244773582869 ], [ -111.903830698824279, 40.782447719407287 ], [ -111.903762384683162, 40.782448331881255 ], [ -111.903733415253072, 40.782448249187212 ], [ -111.903611284545534, 40.782448586480903 ], [ -111.903519951668898, 40.782448682496295 ], [ -111.903463744642835, 40.782448580816371 ], [ -111.903366915017017, 40.782448797145335 ], [ -111.903319768122714, 40.782448547067411 ], [ -111.903240753327708, 40.782448469032545 ], [ -111.903193098426399, 40.782448300276329 ] ] } },
{ "type": "Feature", "properties": { "fid": 87, "type": "solid lane" }, "geometry": { "type": "LineString", "coordinates": [ [ -111.909182942168769, 40.782476102891543 ], [ -111.909248316454935, 40.782491376736409 ], [ -111.909310466596224, 40.782509152652203 ], [ -111.909390273930597, 40.782537470148903 ], [ -111.909439846034147, 40.782558750585721 ], [ -111.909512812677036, 40.782593158869304 ], [ -111.909579897577572, 40.782629316202232 ], [ -111.909621812407096, 40.782656539083717 ], [ -111.909695003112731, 40.782707353624879 ], [ -111.909850893455371, 40.782849153967874 ], [ -111.909991469648844, 40.783002839194438 ], [ -111.91024202691041, 40.783276705430943 ], [ -111.910290425207748, 40.783331275414426 ], [ -111.910406626964772, 40.783459611433557 ], [ -111.910431014010186, 40.783485733956553 ], [ -111.910438135239858, 40.783492720884439 ] ] } },
{ "type": "Feature", "properties": { "fid": 88, "type": "solid lane" }, "geometry": { "type": "LineString", "coordinates": [ [ -111.91046729457284, 40.784129234864423 ], [ -111.910326714702578, 40.784065021065665 ], [ -111.910092875773202, 40.783971822289772 ], [ -111.909819377726848, 40.783867481012869 ], [ -111.909547140291778, 40.783765915434081 ], [ -111.909340669515458, 40.783678381553074 ], [ -111.909278252282249, 40.783641103751862 ], [ -111.909174806116397, 40.783581858900526 ], [ -111.909053926396538, 40.783498603475479 ], [ -111.908719146649148, 40.783200940549932 ], [ -111.908560767961021, 40.783055752811748 ], [ -111.908511375213038, 40.783017752859386 ], [ -111.908463708526057, 40.78298685980981 ], [ -111.908375967220408, 40.782944208312337 ], [ -111.908257389169904, 40.782910158340378 ], [ -111.908135306254394, 40.782887900157462 ], [ -111.90795099485878, 40.782872013677981 ], [ -111.9077056219176, 40.78285846478564 ], [ -111.907464388943225, 40.782849836213991 ], [ -111.907216766455278, 40.782850545001146 ], [ -111.907045621998336, 40.782844460354113 ], [ -111.906854153159216, 40.782841321474727 ], [ -111.906735720035911, 40.782840317270981 ], [ -111.906674903820658, 40.782838241056517 ], [ -111.906611360797427, 40.782837811569394 ], [ -111.906517059651037, 40.782821834726214 ], [ -111.906406219418926, 40.782757692061388 ], [ -111.906317948533015, 40.782646005118693 ], [ -111.906260750081188, 40.78252803710987 ], [ -111.906234978723774, 40.782474835652089 ] ] } },
{ "type": "Feature", "properties": { "fid": 89, "type": "solid lane" }, "geometry": { "type": "LineString", "coordinates": [ [ -111.910617193481002, 40.784130219104505 ], [ -111.910414144515144, 40.784025013666927 ], [ -111.910218743711781, 40.783942966598453 ], [ -111.910065212693468, 40.783884736801546 ], [ -111.909946068547171, 40.783839238305418 ], [ -111.909815871737251, 40.783789647403083 ], [ -111.909678930129402, 40.783738252001648 ], [ -111.90950998243656, 40.783669462230698 ], [ -111.909335073433965, 40.783589109658131 ], [ -111.909262413815568, 40.783547423544775 ], [ -111.90918043918856, 40.783494665630698 ], [ -111.909041542480836, 40.783389416642962 ], [ -111.908838039347884, 40.783205731543212 ], [ -111.908747255405643, 40.783111712764118 ], [ -111.908631516300119, 40.783002101459175 ], [ -111.90852527598183, 40.78291702745647 ], [ -111.908444109721231, 40.782878658466544 ], [ -111.908351935260285, 40.782839447314466 ], [ -111.908244641008935, 40.782811500251832 ], [ -111.908103277356972, 40.782794037607886 ], [ -111.90803667371425, 40.782793168611228 ], [ -111.907894259141273, 40.782788252277534 ], [ -111.907774503621454, 40.782787336941617 ], [ -111.907572828508336, 40.782782422022393 ], [ -111.907431635719007, 40.782777495507702 ], [ -111.907315501192713, 40.782773300549685 ], [ -111.907169459397409, 40.782771198130391 ], [ -111.907053992618515, 40.782771177091689 ], [ -111.906899398671044, 40.782769141557296 ], [ -111.906722819777883, 40.78276774295626 ], [ -111.906627970981475, 40.782756414320602 ], [ -111.906533568927074, 40.782733008181104 ], [ -111.906513863303644, 40.782721553458671 ], [ -111.906489201295088, 40.782705029474741 ], [ -111.906470572217629, 40.782682885515555 ], [ -111.906447106716911, 40.78266449459737 ], [ -111.906437105565274, 40.78264785543162 ], [ -111.906416914632175, 40.782623169634917 ], [ -111.906402908137906, 40.782604007831509 ], [ -111.906387235605479, 40.782574642722345 ], [ -111.906364027531907, 40.782530244406068 ], [ -111.906363019701018, 40.782523518792068 ], [ -111.90635983911973, 40.782514256146889 ], [ -111.906353849673437, 40.782500603941237 ], [ -111.906348751279097, 40.782485087210652 ], [ -111.906344638621945, 40.782474670932615 ] ] } },
{ "type": "Feature", "properties": { "fid": 91, "type": "solid lane" }, "geometry": { "type": "LineString", "coordinates": [ [ -111.906126993831663, 40.782193688066087 ], [ -111.906127710695372, 40.782156531921764 ], [ -111.906132880300106, 40.782132343490993 ], [ -111.906139605456517, 40.782110232560811 ], [ -111.906148500181502, 40.782090426499849 ], [ -111.906157753975663, 40.782074564860643 ], [ -111.906163103427318, 40.782063609887075 ] ] } },
{ "type": "Feature", "properties": { "fid": 92, "type": "solid lane" }, "geometry": { "type": "LineString", "coordinates": [ [ -111.90624135170539, 40.781999839492848 ], [ -111.906305018770311, 40.781964510840211 ], [ -111.906371356458479, 40.781945878907194 ], [ -111.906436642835061, 40.781939793493819 ], [ -111.906546610436465, 40.781939858358285 ], [ -111.906817895844654, 40.781942370523737 ], [ -111.906860961540531, 40.781942032072564 ], [ -111.906997196157661, 40.78194189006846 ], [ -111.907258650930046, 40.781940299036009 ], [ -111.90727822375203, 40.781942002667122 ], [ -111.907444377900049, 40.781940696118298 ], [ -111.907526258530268, 40.781941909689799 ], [ -111.907648437011744, 40.781941413084539 ], [ -111.907752295988061, 40.781941524849806 ], [ -111.907964894498974, 40.781941245314819 ], [ -111.90800523027859, 40.781942321061656 ], [ -111.908033909113087, 40.781939773475656 ], [ -111.908058286623771, 40.781935402206273 ], [ -111.908093552107175, 40.781923050761741 ], [ -111.908120813145729, 40.781906118487967 ], [ -111.908139194560519, 40.781887630757637 ], [ -111.908148759605695, 40.781872230891352 ], [ -111.908154357219374, 40.781857094440078 ], [ -111.908158771060116, 40.781844753593823 ], [ -111.908161002616211, 40.781829179252867 ], [ -111.908161665910853, 40.781810598775436 ], [ -111.908159659910282, 40.781753031266234 ], [ -111.908161641631864, 40.781719115824707 ], [ -111.908161325389628, 40.781695899241903 ], [ -111.908161452909781, 40.781615560249321 ], [ -111.908161108720108, 40.781545441360024 ] ] } },
{ "type": "Feature", "properties": { "fid": 93, "type": "solid lane" }, "geometry": { "type": "LineString", "coordinates": [ [ -111.91091929121086, 40.782094657316627 ], [ -111.910906338069111, 40.782040891335065 ], [ -111.910892093444545, 40.78198202735161 ], [ -111.910880028091199, 40.781926164641533 ], [ -111.91085797425535, 40.781832301504409 ], [ -111.910839372185862, 40.781745144644574 ], [ -111.910824091823898, 40.781655175272228 ], [ -111.910811028795024, 40.781570993161601 ], [ -111.910797151964204, 40.781471957266859 ], [ -111.910783647206628, 40.781377794436693 ], [ -111.910770243976316, 40.78129106090465 ], [ -111.910751615342363, 40.781090130781394 ], [ -111.910746045464464, 40.780995440929999 ], [ -111.910738306436031, 40.780741949739543 ], [ -111.910736712490291, 40.780669983193079 ] ] } },
{ "type": "Feature", "properties": { "fid": 94, "type": "dash lane" }, "geometry": { "type": "LineString", "coordinates": [ [ -111.91087700285243, 40.78210718115718 ], [ -111.910869228446103, 40.782074735833035 ], [ -111.910860754374411, 40.782035794692156 ], [ -111.910840599714618, 40.781946792566075 ], [ -111.910813879794887, 40.781824406798464 ], [ -111.910789692213598, 40.781708502373085 ], [ -111.910766924998754, 40.781562401938487 ], [ -111.910725265316458, 40.781285495049232 ], [ -111.910698999784557, 40.780972709264617 ], [ -111.910696803350987, 40.780856631237441 ], [ -111.91069425058312, 40.780669737846758 ] ] } },
{ "type": "Feature", "properties": { "fid": 95, "type": "solid lane" }, "geometry": { "type": "LineString", "coordinates": [ [ -111.910837398334721, 40.782114923888273 ], [ -111.91082198277887, 40.782059784190508 ], [ -111.910807693820885, 40.781997669877036 ], [ -111.910791496191422, 40.781929998050224 ], [ -111.910771373373692, 40.781843317565666 ], [ -111.910747669859816, 40.781718121683198 ], [ -111.910729793973573, 40.781617027630141 ], [ -111.910696934917226, 40.781402974953728 ], [ -111.910682622850629, 40.78129442265778 ], [ -111.910670583007871, 40.78117331412674 ], [ -111.910662965046555, 40.781062851467233 ], [ -111.91065467918429, 40.780948214643161 ], [ -111.910649992734662, 40.780739279973524 ], [ -111.910649655462237, 40.780669857606064 ] ] } },
{ "type": "Feature", "properties": { "fid": 96, "type": "dash lane" }, "geometry": { "type": "LineString", "coordinates": [ [ -111.910793527289087, 40.782123396854637 ], [ -111.910780007783174, 40.782072885998829 ], [ -111.910772844289397, 40.782040435845836 ], [ -111.910763765760834, 40.782001963849822 ], [ -111.910748827952617, 40.78193706836143 ], [ -111.910691032084515, 40.781641713581152 ], [ -111.910665878766395, 40.781499811388805 ], [ -111.910653500766387, 40.781398673929694 ], [ -111.910639869387893, 40.78129522445181 ], [ -111.910616862577044, 40.781042085945892 ], [ -111.910606727073585, 40.780747283709253 ], [ -111.91060625984241, 40.780668342547067 ] ] } },
{ "type": "Feature", "properties": { "fid": 97, "type": "solid lane" }, "geometry": { "type": "LineString", "coordinates": [ [ -111.91075082721224, 40.782128145511159 ], [ -111.910732689194063, 40.782052594509615 ], [ -111.910706096278304, 40.781939495343771 ], [ -111.910682690943318, 40.781836123021137 ], [ -111.910670801205214, 40.78177073908293 ], [ -111.910641779784655, 40.781614007211388 ], [ -111.910614264468578, 40.78143334779984 ], [ -111.910603040659183, 40.781349615528597 ], [ -111.910574508789466, 40.781072140591817 ], [ -111.910563969803846, 40.780837246744717 ], [ -111.91056391049473, 40.780676339035502 ] ] } },
{ "type": "Feature", "properties": { "fid": 98, "type": "median lane" }, "geometry": { "type": "LineString", "coordinates": [ [ -111.910601659560214, 40.782120731719189 ], [ -111.91058409452333, 40.782042389883841 ], [ -111.910537609723576, 40.781814745451506 ], [ -111.910520344984903, 40.781713646544254 ], [ -111.910513899782799, 40.781666678786316 ], [ -111.910485263483665, 40.78144864548667 ], [ -111.910479848233209, 40.78138762205991 ], [ -111.910474267065396, 40.781336816332605 ], [ -111.910463828714654, 40.781198745221133 ], [ -111.910452884522968, 40.780665721666907 ] ] } },
{ "type": "Feature", "properties": { "fid": 99, "type": "dash lane" }, "geometry": { "type": "LineString", "coordinates": [ [ -111.910558169457147, 40.782112367765677 ], [ -111.910549059333817, 40.782071574095447 ], [ -111.910534669163781, 40.78200203044441 ], [ -111.910503961220996, 40.781855992623761 ], [ -111.910464864193131, 40.781632469291445 ], [ -111.910446234215499, 40.781476119754302 ], [ -111.910431383589895, 40.781328099256115 ], [ -111.910425650370044, 40.78119904645483 ], [ -111.910414743050978, 40.780959511689403 ], [ -111.910411650948404, 40.780822543556155 ], [ -111.91040953963109, 40.780667921185405 ] ] } },
{ "type": "Feature", "properties": { "fid": 100, "type": "dash lane" }, "geometry": { "type": "LineString", "coordinates": [ [ -111.91050604961913, 40.78209838321937 ], [ -111.910479877696403, 40.781971349238219 ], [ -111.91045625076913, 40.781851725269469 ], [ -111.910438349921577, 40.781748773843809 ], [ -111.910411544227912, 40.781575306699402 ], [ -111.910405241279747, 40.781516379990428 ], [ -111.910376916330591, 40.781186892657701 ], [ -111.910368638130777, 40.780670101410614 ] ] } },
{ "type": "Feature", "properties": { "fid": 101, "type": "solid lane" }, "geometry": { "type": "LineString", "coordinates": [ [ -111.910460032077921, 40.782083886119025 ], [ -111.910439083192969, 40.781981423129075 ], [ -111.910409635231318, 40.781838161629054 ], [ -111.910381576154947, 40.781662382462251 ], [ -111.910362811016284, 40.781540862583846 ], [ -111.910334460904551, 40.781209517914299 ], [ -111.910328247178938, 40.781022885596641 ], [ -111.910325825393457, 40.780845510986865 ], [ -111.910321911184141, 40.780737805366442 ], [ -111.910321596442145, 40.780670008154473 ] ] } },
{ "type": "Feature", "properties": { "fid": 102, "type": "solid lane" }, "geometry": { "type": "LineString", "coordinates": [ [ -111.910411482342155, 40.78206290763999 ], [ -111.910385781986193, 40.78192565352532 ], [ -111.910370170301277, 40.781856119488879 ], [ -111.9103408135243, 40.78167477797394 ], [ -111.910299210744057, 40.781312424300886 ], [ -111.910287192870413, 40.781148128081377 ], [ -111.910280662314236, 40.780938279185534 ], [ -111.910278570310211, 40.780785049806646 ], [ -111.910279428864129, 40.780668947665845 ] ] } },
{ "type": "Feature", "properties": { "fid": 103, "type": "solid lane" }, "geometry": { "type": "LineString", "coordinates": [ [ -111.911780374475214, 40.784125793576713 ], [ -111.91170296163078, 40.784004737387001 ], [ -111.91150651111451, 40.783667291133959 ], [ -111.911437461117671, 40.783532237254647 ], [ -111.911397279664499, 40.783453145444923 ], [ -111.911328618836265, 40.78330183507682 ], [ -111.91122953855556, 40.783070426932106 ], [ -111.91113199967522, 40.78281764498081 ], [ -111.911096318892746, 40.782710190257049 ] ] } },
{ "type": "Feature", "properties": { "fid": 104, "type": "solid lane" }, "geometry": { "type": "LineString", "coordinates": [ [ -111.911733979338308, 40.7841284820814 ], [ -111.911679053508522, 40.784043469925521 ], [ -111.911608424099597, 40.783927003885893 ], [ -111.911497667157519, 40.783735392844136 ], [ -111.911436869540793, 40.783623028456994 ], [ -111.911391374988298, 40.783535155370537 ], [ -111.911304611583873, 40.783355660715664 ], [ -111.911280305949219, 40.783298269397243 ], [ -111.911223225914469, 40.783167300276986 ], [ -111.911155514648428, 40.782996013903073 ], [ -111.911079348471461, 40.782787179356866 ], [ -111.911044386525091, 40.782687613422603 ] ] } },
{ "type": "Feature", "properties": { "fid": 105, "type": "solid lane" }, "geometry": { "type": "LineString", "coordinates": [ [ -111.911684800312003, 40.784128638466555 ], [ -111.91164076812052, 40.784058400418658 ], [ -111.911612993487694, 40.784015432402754 ], [ -111.911563288943569, 40.783932468654427 ], [ -111.911516699225288, 40.783853891898872 ], [ -111.911428388088027, 40.783695306730024 ], [ -111.911396398663328, 40.783634493273247 ], [ -111.911351231809363, 40.783548242916964 ], [ -111.911276420993175, 40.783393962615278 ], [ -111.911188793365099, 40.783195899442454 ], [ -111.911067314866628, 40.782890134826111 ], [ -111.91099726093438, 40.782681484151354 ] ] } },
{ "type": "Feature", "properties": { "fid": 106, "type": "dash lane" }, "geometry": { "type": "LineString", "coordinates": [ [ -111.911637138961055, 40.784128086268389 ], [ -111.911599005414857, 40.784064767319045 ], [ -111.911556443412977, 40.783990338192211 ], [ -111.91151961431423, 40.783933045865247 ], [ -111.911365013983669, 40.783662604034632 ], [ -111.911239920903782, 40.783405396017621 ], [ -111.911043511456029, 40.782936528704596 ], [ -111.911006685150724, 40.782834655574909 ], [ -111.910994049465941, 40.782792961017861 ], [ -111.91097098869831, 40.782726039982627 ], [ -111.910949636411971, 40.782661195169986 ] ] } },
{ "type": "Feature", "properties": { "fid": 107, "type": "median lane" }, "geometry": { "type": "LineString", "coordinates": [ [ -111.911590705720116, 40.784127988729452 ], [ -111.911531376939834, 40.7840337236632 ], [ -111.911460735101258, 40.783916328867996 ], [ -111.911406910941778, 40.783822484632971 ], [ -111.911240146197471, 40.783511273160819 ], [ -111.91117336270473, 40.783363198544087 ], [ -111.910978691288776, 40.782887351671924 ], [ -111.910899682645933, 40.782649283419843 ] ] } },
{ "type": "Feature", "properties": { "fid": 108, "type": "dash lane" }, "geometry": { "type": "LineString", "coordinates": [ [ -111.910751273743045, 40.782652776796361 ], [ -111.910779967974364, 40.78274078276084 ], [ -111.910857354900401, 40.782949607872723 ], [ -111.910940838347159, 40.783157456032306 ], [ -111.91100526645053, 40.783312050724462 ], [ -111.911049245845916, 40.783400864693725 ], [ -111.911126248149756, 40.783559075080134 ], [ -111.9111613456122, 40.78362381131128 ], [ -111.911340467495137, 40.7839451416815 ], [ -111.911459054694959, 40.784128564345409 ] ] } },
{ "type": "Feature", "properties": { "fid": 109, "type": "dash lane" }, "geometry": { "type": "LineString", "coordinates": [ [ -111.911410791986057, 40.784128713375729 ], [ -111.911371125106314, 40.784064942080569 ], [ -111.911183482201821, 40.783746000959937 ], [ -111.911010305390235, 40.783412549482044 ], [ -111.910957657333427, 40.783292922581346 ], [ -111.91090154340948, 40.783165544627721 ], [ -111.910779374534656, 40.782853864291333 ], [ -111.910709120763372, 40.782652877306731 ] ] } },
{ "type": "Feature", "properties": { "fid": 110, "type": "dash lane" }, "geometry": { "type": "LineString", "coordinates": [ [ -111.911365570982184, 40.784127909599334 ], [ -111.911318828251453, 40.784060479123283 ], [ -111.911258214688274, 40.78396158024929 ], [ -111.911086702871643, 40.783660622437722 ], [ -111.911000804788742, 40.783499695973546 ], [ -111.910954398649366, 40.783389771798895 ], [ -111.910883667450491, 40.783243353509512 ], [ -111.910839138709804, 40.783136665131266 ], [ -111.910739479018687, 40.78288506054129 ], [ -111.910704523866784, 40.782785958832093 ], [ -111.910676523034937, 40.78270398433385 ], [ -111.910660012582113, 40.782658140887371 ] ] } },
{ "type": "Feature", "properties": { "fid": 111, "type": "dash lane" }, "geometry": { "type": "LineString", "coordinates": [ [ -111.91131608968611, 40.784128300405314 ], [ -111.911279336879133, 40.784076579974339 ], [ -111.911217476214873, 40.783975833403296 ], [ -111.911161132679638, 40.783876436374669 ], [ -111.9110346832353, 40.783654067445958 ], [ -111.910909139175331, 40.783408472158222 ], [ -111.910872300112416, 40.783305670332147 ], [ -111.910788293671942, 40.783126617895213 ], [ -111.910748111030315, 40.783025003368394 ], [ -111.910645004289165, 40.78274463425678 ], [ -111.910620724244012, 40.782666693716308 ] ] } },
{ "type": "Feature", "properties": { "fid": 112, "type": "solid lane" }, "geometry": { "type": "LineString", "coordinates": [ [ -111.910580886862178, 40.782679778582356 ], [ -111.910619678219632, 40.782791388352308 ], [ -111.910647679020528, 40.782873362863469 ], [ -111.910745827028464, 40.783126140418965 ], [ -111.910834814561099, 40.783334409587532 ], [ -111.910899947961525, 40.783473558090336 ], [ -111.9109725311109, 40.783621354886122 ], [ -111.911056835467974, 40.783777417948386 ], [ -111.911255702189536, 40.784112988359986 ], [ -111.911265711109749, 40.784130091419811 ] ] } },
{ "type": "Feature", "properties": { "fid": 113, "type": "dash" }, "geometry": { "type": "LineString", "coordinates": [ [ -111.91139984719986, 40.782456679044984 ], [ -111.911333212150865, 40.782453490292134 ], [ -111.911296503137606, 40.782449600779366 ], [ -111.911245693466114, 40.782442107560421 ], [ -111.911194247556452, 40.782432761817979 ], [ -111.911117673718849, 40.782417577509534 ], [ -111.911074169083392, 40.782408169008413 ], [ -111.911023957641319, 40.782399742205527 ], [ -111.910960212028556, 40.782384456509654 ], [ -111.910879858921518, 40.78236094301505 ], [ -111.910789051408102, 40.782332403788729 ] ] } },
{ "type": "Feature", "properties": { "fid": 114, "type": "dash" }, "geometry": { "type": "LineString", "coordinates": [ [ -111.911180269120948, 40.782393399788546 ], [ -111.911121499232166, 40.782384576229028 ], [ -111.911068812619348, 40.782373847083093 ], [ -111.911019784862674, 40.782362624644357 ], [ -111.91099098542513, 40.782356350679535 ], [ -111.910938877996898, 40.782343294994789 ], [ -111.910878155056409, 40.782325663484023 ], [ -111.91083521697179, 40.782312999750694 ] ] } },
{ "type": "Feature", "properties": { "fid": 115, "type": "dash" }, "geometry": { "type": "LineString", "coordinates": [ [ -111.910929851897507, 40.782263957042687 ], [ -111.910883762522928, 40.782288933093206 ], [ -111.910857348557499, 40.782300751135978 ], [ -111.91083184136275, 40.782311865443035 ], [ -111.910804835545306, 40.782325081289621 ], [ -111.910806655449818, 40.782324138161798 ], [ -111.910782341420713, 40.782333153323833 ], [ -111.910726716949128, 40.782353328569059 ], [ -111.910674089682274, 40.782369300700964 ], [ -111.910595828283689, 40.782387100438875 ], [ -111.910550429866021, 40.782395585366174 ], [ -111.910536421203403, 40.782398714388258 ], [ -111.910508368996773, 40.782402418605201 ], [ -111.910433489205701, 40.782410613684505 ], [ -111.910399918599055, 40.782412852176485 ], [ -111.910369688724529, 40.782413671157798 ], [ -111.910311812467739, 40.782414359952675 ], [ -111.910287672218431, 40.782413737726849 ] ] } },
{ "type": "Feature", "properties": { "fid": 116, "type": "dash" }, "geometry": { "type": "LineString", "coordinates": [ [ -111.91078514851597, 40.782292671943033 ], [ -111.910707758719681, 40.782262459456 ] ] } },
{ "type": "Feature", "properties": { "fid": 117, "type": "solid" }, "geometry": { "type": "LineString", "coordinates": [ [ -111.910953622084136, 40.782248676994968 ], [ -111.910885334348208, 40.78224747465071 ] ] } },
{ "type": "Feature", "properties": { "fid": 118, "type": "dash" }, "geometry": { "type": "LineString", "coordinates": [ [ -111.910882354011903, 40.782247324034529 ], [ -111.910814763013946, 40.782246812720444 ] ] } },
{ "type": "Feature", "properties": { "fid": 119, "type": "dash" }, "geometry": { "type": "LineString", "coordinates": [ [ -111.910814535129703, 40.782246901590732 ], [ -111.910577615893999, 40.782244592017918 ], [ -111.910472194454087, 40.782241941028644 ] ] } },
{ "type": "Feature", "properties": { "fid": 120, "type": "solid" }, "geometry": { "type": "LineString", "coordinates": [ [ -111.910661901320665, 40.782242925537837 ], [ -111.910666144143732, 40.782245351822937 ] ] } },
{ "type": "Feature", "properties": { "fid": 121, "type": "solid" }, "geometry": { "type": "LineString", "coordinates": [ [ -111.91057566632314, 40.782243248951183 ], [ -111.910577789368105, 40.782244581805763 ] ] } },
{ "type": "Feature", "properties": { "fid": 122, "type": "solid" }, "geometry": { "type": "LineString", "coordinates": [ [ -111.910734390470367, 40.782312573188456 ], [ -111.910599074691433, 40.782259830931402 ] ] } },
{ "type": "Feature", "properties": { "fid": 123, "type": "dash" }, "geometry": { "type": "LineString", "coordinates": [ [ -111.911247852014924, 40.782483968502682 ], [ -111.911155507084231, 40.782465890287227 ], [ -111.911095303992994, 40.782452782504549 ], [ -111.911039195709435, 40.782437552644446 ], [ -111.910975747558609, 40.782421684132139 ], [ -111.910898336876343, 40.782405483874747 ], [ -111.910890737915963, 40.782403896079103 ], [ -111.910850216275051, 40.782389239655373 ], [ -111.910743222268053, 40.782355342659393 ], [ -111.91073308235714, 40.782350982044775 ] ] } },
{ "type": "Feature", "properties": { "fid": 124, "type": "dash" }, "geometry": { "type": "LineString", "coordinates": [ [ -111.910675547469893, 40.782331932120833 ], [ -111.910627828596333, 40.782312528522446 ], [ -111.910615879601821, 40.782307674710808 ], [ -111.910561041351343, 40.782284772302248 ], [ -111.910500645919726, 40.78225756014249 ] ] } },
{ "type": "Feature", "properties": { "fid": 125, "type": "solid" }, "geometry": { "type": "LineString", "coordinates": [ [ -111.910775117051188, 40.782262577446112 ], [ -111.910741934507186, 40.782275747703792 ] ] } },
{ "type": "Feature", "properties": { "fid": 126, "type": "dash" }, "geometry": { "type": "LineString", "coordinates": [ [ -111.910626746354168, 40.782312835011084 ], [ -111.910578074903739, 40.782322100398972 ], [ -111.910549970154847, 40.78232754647064 ], [ -111.910513401554809, 40.78233393003746 ], [ -111.910466341023096, 40.782341158250716 ], [ -111.910439329014523, 40.78234531137231 ], [ -111.910341800547428, 40.782350260279337 ] ] } },
{ "type": "Feature", "properties": { "fid": 127, "type": "dash" }, "geometry": { "type": "LineString", "coordinates": [ [ -111.910831762713414, 40.782310868596277 ], [ -111.910788690406591, 40.782293968425336 ] ] } },
{ "type": "Feature", "properties": { "fid": 128, "type": "dash" }, "geometry": { "type": "LineString", "coordinates": [ [ -111.910786223872137, 40.782331428639424 ], [ -111.9107369546754, 40.782313706647201 ] ] } },
{ "type": "Feature", "properties": { "fid": 129, "type": "dash" }, "geometry": { "type": "LineString", "coordinates": [ [ -111.910732187856922, 40.782350488443662 ], [ -111.910676381133285, 40.782332164987956 ] ] } },
{ "type": "Feature", "properties": { "fid": 130, "type": "dash" }, "geometry": { "type": "LineString", "coordinates": [ [ -111.910741248475219, 40.782275840190024 ], [ -111.910688349535988, 40.782294281498594 ] ] } },
{ "type": "Feature", "properties": { "fid": 131, "type": "dash" }, "geometry": { "type": "LineString", "coordinates": [ [ -111.91068789436143, 40.78229450276973 ], [ -111.910658413219622, 40.782304008555528 ], [ -111.910635583724698, 40.782309891908518 ], [ -111.910627828596333, 40.782312528522446 ] ] } },
{ "type": "Feature", "properties": { "fid": 132, "type": "dash" }, "geometry": { "type": "LineString", "coordinates": [ [ -111.910626745580103, 40.782312843860389 ], [ -111.910627822286131, 40.782312525171022 ] ] } },
{ "type": "Feature", "properties": { "fid": 133, "type": "dash" }, "geometry": { "type": "LineString", "coordinates": [ [ -111.910465894162925, 40.782340952944722 ], [ -111.910453697956299, 40.782337000352193 ], [ -111.910395716695518, 40.782323003957522 ], [ -111.910276454071322, 40.782296604401253 ], [ -111.910236967786602, 40.782290646743967 ], [ -111.910206791090431, 40.782286966568627 ] ] } },
{ "type": "Feature", "properties": { "fid": 134, "type": "dash" }, "geometry": { "type": "LineString", "coordinates": [ [ -111.910186163502814, 40.782252765060285 ], [ -111.910199637358829, 40.782255212875533 ], [ -111.910227151561557, 40.782256853363208 ], [ -111.910254990215776, 40.782259884428889 ], [ -111.910286217149434, 40.782264978474402 ], [ -111.910315614667667, 40.782270319134547 ], [ -111.910341343840031, 40.782275456537313 ], [ -111.910372297057293, 40.782282874625636 ], [ -111.910400482373788, 40.782288921399896 ], [ -111.910426542354315, 40.782295913698974 ], [ -111.910453524976589, 40.782303363093561 ], [ -111.910482356048746, 40.782311958849931 ], [ -111.910537905226192, 40.782329602371959 ] ] } },
{ "type": "Feature", "properties": { "fid": 135, "type": "dash" }, "geometry": { "type": "LineString", "coordinates": [ [ -111.91123289583031, 40.782356201938725 ], [ -111.911190152802916, 40.782357816523231 ], [ -111.911130184592665, 40.782361889012577 ], [ -111.911075956709197, 40.782366902957406 ], [ -111.911052935452958, 40.782369929059406 ] ] } },
{ "type": "Feature", "properties": { "fid": 136, "type": "dash" }, "geometry": { "type": "LineString", "coordinates": [ [ -111.911052290772076, 40.782370253411663 ], [ -111.911018343068719, 40.782375629634799 ], [ -111.910992636475484, 40.782380534451342 ], [ -111.910968810563617, 40.782386150010439 ], [ -111.910968183088144, 40.782386336363182 ] ] } },
{ "type": "Feature", "properties": { "fid": 137, "type": "dash" }, "geometry": { "type": "LineString", "coordinates": [ [ -111.911167152084886, 40.782391680308194 ], [ -111.91104910410192, 40.782403902682333 ] ] } },
{ "type": "Feature", "properties": { "fid": 138, "type": "dash" }, "geometry": { "type": "LineString", "coordinates": [ [ -111.910968116968803, 40.782386387676851 ], [ -111.910935521787394, 40.782395040146916 ], [ -111.910905093554675, 40.782403697269309 ], [ -111.910898336876343, 40.782405483874747 ] ] } },
{ "type": "Feature", "properties": { "fid": 139, "type": "dash" }, "geometry": { "type": "LineString", "coordinates": [ [ -111.911049025804616, 40.782404023326094 ], [ -111.910993419248115, 40.782414330455012 ], [ -111.910959770113777, 40.782418272461349 ] ] } },
{ "type": "Feature", "properties": { "fid": 140, "type": "dash" }, "geometry": { "type": "LineString", "coordinates": [ [ -111.910959637214134, 40.782418326720951 ], [ -111.910910512004932, 40.782429782293356 ], [ -111.91086245448561, 40.782446264843827 ], [ -111.910859230467466, 40.782447369220662 ], [ -111.910829443990679, 40.782458285116178 ], [ -111.910820628666244, 40.782462376919518 ], [ -111.910806678223622, 40.782468835999666 ], [ -111.910788905410527, 40.782479657055951 ], [ -111.9107598397202, 40.782498616520478 ] ] } },
{ "type": "Feature", "properties": { "fid": 141, "type": "dash" }, "geometry": { "type": "LineString", "coordinates": [ [ -111.910926755202979, 40.78247841410311 ], [ -111.910926741940187, 40.782478408855468 ], [ -111.910863396252381, 40.782446717161491 ] ] } },
{ "type": "Feature", "properties": { "fid": 142, "type": "dash" }, "geometry": { "type": "LineString", "coordinates": [ [ -111.910861655952857, 40.782446034327144 ], [ -111.910823546248153, 40.782436505747832 ], [ -111.91077193124697, 40.7824147776495 ], [ -111.910719302400352, 40.782393367117322 ], [ -111.910664133604953, 40.782372363591016 ] ] } },
{ "type": "Feature", "properties": { "fid": 143, "type": "dash" }, "geometry": { "type": "LineString", "coordinates": [ [ -111.910958442102654, 40.782494804280319 ], [ -111.910768823714463, 40.782492895637048 ] ] } },
{ "type": "Feature", "properties": { "fid": 144, "type": "dash" }, "geometry": { "type": "LineString", "coordinates": [ [ -111.910930340788099, 40.782480011131611 ], [ -111.910930293592614, 40.78248000615384 ], [ -111.91078962125826, 40.782479883596238 ] ] } },
{ "type": "Feature", "properties": { "fid": 145, "type": "dash" }, "geometry": { "type": "LineString", "coordinates": [ [ -111.910897147161478, 40.782405507778357 ], [ -111.910820554616606, 40.782433665677367 ] ] } },
{ "type": "Feature", "properties": { "fid": 146, "type": "dash" }, "geometry": { "type": "LineString", "coordinates": [ [ -111.910818020447905, 40.782434498348074 ], [ -111.910807223588094, 40.782437950336714 ], [ -111.910793094986943, 40.782443479640172 ], [ -111.910752198112476, 40.78246098455088 ], [ -111.910733710366955, 40.782469659323368 ], [ -111.910703836982293, 40.782483656553268 ], [ -111.910697376056262, 40.782487732183895 ], [ -111.910664163904329, 40.782501306567745 ] ] } },
{ "type": "Feature", "properties": { "fid": 147, "type": "dash" }, "geometry": { "type": "LineString", "coordinates": [ [ -111.910884403385566, 40.782493763433571 ], [ -111.910859271519357, 40.782480185176738 ] ] } },
{ "type": "Feature", "properties": { "fid": 148, "type": "dash" }, "geometry": { "type": "LineString", "coordinates": [ [ -111.910888260415092, 40.782496596670782 ], [ -111.910884867349878, 40.782494185453899 ] ] } },
{ "type": "Feature", "properties": { "fid": 149, "type": "dash" }, "geometry": { "type": "LineString", "coordinates": [ [ -111.910859013159495, 40.782479906652476 ], [ -111.910820808057665, 40.78246246499365 ], [ -111.910820628666244, 40.782462376919518 ] ] } },
{ "type": "Feature", "properties": { "fid": 150, "type": "dash" }, "geometry": { "type": "LineString", "coordinates": [ [ -111.910820553651121, 40.782462359371763 ], [ -111.910785619426335, 40.782446768757076 ] ] } },
{ "type": "Feature", "properties": { "fid": 151, "type": "dash" }, "geometry": { "type": "LineString", "coordinates": [ [ -111.910785414218893, 40.782446654281507 ], [ -111.910744024906734, 40.782435564926153 ], [ -111.9106568296814, 40.782403127240627 ], [ -111.910609560571942, 40.782386472965882 ], [ -111.910605602886065, 40.782384888538417 ] ] } },
{ "type": "Feature", "properties": { "fid": 152, "type": "dash" }, "geometry": { "type": "LineString", "coordinates": [ [ -111.910820553025829, 40.782433665689965 ], [ -111.910818524759208, 40.782434380086016 ] ] } },
{ "type": "Feature", "properties": { "fid": 153, "type": "dash" }, "geometry": { "type": "LineString", "coordinates": [ [ -111.910863396277406, 40.782446717170771 ], [ -111.91086245448561, 40.782446264843827 ] ] } },
{ "type": "Feature", "properties": { "fid": 154, "type": "dash" }, "geometry": { "type": "LineString", "coordinates": [ [ -111.910862454186301, 40.782446264770591 ], [ -111.910861655952928, 40.782446034327194 ] ] } },
{ "type": "Feature", "properties": { "fid": 155, "type": "dash" }, "geometry": { "type": "LineString", "coordinates": [ [ -111.910664135221097, 40.782372364143242 ], [ -111.910663085053443, 40.782371888700148 ] ] } },
{ "type": "Feature", "properties": { "fid": 156, "type": "dash" }, "geometry": { "type": "LineString", "coordinates": [ [ -111.910662988416576, 40.782371802391211 ], [ -111.910602558103321, 40.782350903218926 ] ] } },
{ "type": "Feature", "properties": { "fid": 157, "type": "dash" }, "geometry": { "type": "LineString", "coordinates": [ [ -111.91077629971285, 40.782487530809099 ], [ -111.910734018178474, 40.782469831037098 ], [ -111.910734005452099, 40.78246983113754 ] ] } },
{ "type": "Feature", "properties": { "fid": 158, "type": "dash" }, "geometry": { "type": "LineString", "coordinates": [ [ -111.910734018178474, 40.782469831037098 ], [ -111.910733710366955, 40.782469659323368 ] ] } },
{ "type": "Feature", "properties": { "fid": 159, "type": "dash" }, "geometry": { "type": "LineString", "coordinates": [ [ -111.910733711924721, 40.782469656892381 ], [ -111.910539023978643, 40.782398276924631 ] ] } },
{ "type": "Feature", "properties": { "fid": 160, "type": "dash" }, "geometry": { "type": "LineString", "coordinates": [ [ -111.910605532520989, 40.782384749391163 ], [ -111.91053833100014, 40.782362447590025 ] ] } },
{ "type": "Feature", "properties": { "fid": 161, "type": "dash" }, "geometry": { "type": "LineString", "coordinates": [ [ -111.910602498698935, 40.782350863779897 ], [ -111.910537897175985, 40.782329750788008 ] ] } },
{ "type": "Feature", "properties": { "fid": 162, "type": "dash" }, "geometry": { "type": "LineString", "coordinates": [ [ -111.910538330196488, 40.782362446991677 ], [ -111.910537963733006, 40.782362290856845 ] ] } },
{ "type": "Feature", "properties": { "fid": 163, "type": "dash" }, "geometry": { "type": "LineString", "coordinates": [ [ -111.910537954887261, 40.782362225622919 ], [ -111.910507560039562, 40.782352829541061 ], [ -111.910466353914572, 40.78234117024229 ] ] } },
{ "type": "Feature", "properties": { "fid": 164, "type": "dash" }, "geometry": { "type": "LineString", "coordinates": [ [ -111.910465892760655, 40.782340953783297 ], [ -111.910466341023096, 40.782341158250716 ] ] } },
{ "type": "Feature", "properties": { "fid": 165, "type": "dash" }, "geometry": { "type": "LineString", "coordinates": [ [ -111.910538855692792, 40.782398128295888 ], [ -111.910456524349925, 40.782375146067253 ] ] } },
{ "type": "Feature", "properties": { "fid": 166, "type": "dash" }, "geometry": { "type": "LineString", "coordinates": [ [ -111.910456010363873, 40.782374788936849 ], [ -111.910423525668008, 40.782367073357527 ], [ -111.910367560031645, 40.782354821809442 ], [ -111.910343127619925, 40.78235020305506 ] ] } },
{ "type": "Feature", "properties": { "fid": 167, "type": "dash" }, "geometry": { "type": "LineString", "coordinates": [ [ -111.910341794134638, 40.782350261948501 ], [ -111.910338231835254, 40.782350369062002 ] ] } },
{ "type": "Feature", "properties": { "fid": 168, "type": "dash" }, "geometry": { "type": "LineString", "coordinates": [ [ -111.910696189048025, 40.782487542717128 ], [ -111.910311621057318, 40.782481083211557 ] ] } },
{ "type": "Feature", "properties": { "fid": 169, "type": "dash" }, "geometry": { "type": "LineString", "coordinates": [ [ -111.910664738056795, 40.782500845227439 ], [ -111.910498871101055, 40.782498439096642 ], [ -111.910397563614296, 40.782496348951028 ], [ -111.910220768955611, 40.782494028637387 ], [ -111.910047257609762, 40.782493539685611 ], [ -111.909916916956121, 40.782492916444063 ], [ -111.909708099850462, 40.782491879817748 ], [ -111.909283412367799, 40.782490273796157 ], [ -111.909253553423085, 40.782490921869375 ] ] } },
{ "type": "Feature", "properties": { "fid": 170, "type": "dash" }, "geometry": { "type": "LineString", "coordinates": [ [ -111.909241058972242, 40.782490607539721 ], [ -111.909050994792494, 40.78249086669706 ], [ -111.909045570497341, 40.78249132221422 ] ] } },
{ "type": "Feature", "properties": { "fid": 171, "type": "dash" }, "geometry": { "type": "LineString", "coordinates": [ [ -111.909183299163985, 40.782476202439142 ], [ -111.908876517022506, 40.782479238432011 ], [ -111.908866748085842, 40.782479676563817 ] ] } },
{ "type": "Feature", "properties": { "fid": 172, "type": "solid" }, "geometry": { "type": "LineString", "coordinates": [ [ -111.908484612872684, 40.782512251485137 ], [ -111.907936315696304, 40.782505834671369 ], [ -111.907636969437291, 40.782496631732691 ], [ -111.907111866644655, 40.782478676994444 ], [ -111.906066907701288, 40.782469137321797 ], [ -111.905095437796263, 40.782472633641163 ], [ -111.904110885435401, 40.782472509230118 ], [ -111.903411454582596, 40.782473859535209 ], [ -111.903195348952977, 40.782475964063735 ] ] } },
{ "type": "Feature", "properties": { "fid": 173, "type": "solid" }, "geometry": { "type": "LineString", "coordinates": [ [ -111.914742573617318, 40.782500890689626 ], [ -111.914646042719085, 40.782500623936023 ], [ -111.914551960943825, 40.782500750474206 ], [ -111.914455838702565, 40.782500583518434 ], [ -111.914413895435601, 40.782501122302705 ], [ -111.91436045300712, 40.782484828056361 ], [ -111.914356763757397, 40.782483102959226 ], [ -111.914337078903202, 40.782483155746938 ], [ -111.914223719536224, 40.782483331574674 ], [ -111.91416982763495, 40.782483758546419 ] ] } },
{ "type": "Feature", "properties": { "fid": 174, "type": "solid" }, "geometry": { "type": "LineString", "coordinates": [ [ -111.906262128802666, 40.782189078233813 ], [ -111.906295411433945, 40.782120707469495 ], [ -111.906353856659678, 40.782065760923963 ], [ -111.906407259080893, 40.782039336057103 ], [ -111.90649830165286, 40.782025411774811 ], [ -111.907021250425885, 40.782025017361555 ], [ -111.907695687377156, 40.782023016230369 ], [ -111.90778692071342, 40.782023124086578 ], [ -111.90792158189933, 40.782022064606032 ], [ -111.908031265601892, 40.782021201525936 ], [ -111.908094710942947, 40.782014510479463 ], [ -111.908143954239293, 40.782001739413182 ], [ -111.908176851644143, 40.781984969138392 ], [ -111.908225870000777, 40.781955688448548 ], [ -111.908253213783482, 40.78192988061668 ], [ -111.908279829003007, 40.781890456641818 ], [ -111.908301925981263, 40.781838271923178 ], [ -111.908308848637404, 40.78180829059157 ], [ -111.908319890256934, 40.781761765476425 ], [ -111.908327775161368, 40.781722695320965 ], [ -111.908358087800778, 40.78159593840634 ], [ -111.908370506496965, 40.781550847188392 ], [ -111.908383276964855, 40.781491718543379 ], [ -111.908390726910739, 40.781480514726667 ], [ -111.90840037690802, 40.781471357509673 ], [ -111.90840896905253, 40.781464272539914 ], [ -111.908420304233246, 40.781459229894651 ], [ -111.90843383946661, 40.781456233847855 ], [ -111.908447912058833, 40.781452820784928 ] ] } },
{ "type": "Feature", "properties": { "fid": 175, "type": "solid" }, "geometry": { "type": "LineString", "coordinates": [ [ -111.908439962193384, 40.781347623450031 ], [ -111.908421993139399, 40.781344049859271 ], [ -111.90841050614209, 40.781337948531487 ], [ -111.908400116359758, 40.781332664132833 ], [ -111.908391859146619, 40.781324473456721 ], [ -111.908382470982815, 40.781312989411042 ], [ -111.908379666095044, 40.781306406947635 ], [ -111.908375674022409, 40.781292403717593 ], [ -111.908377677252531, 40.781280004427039 ], [ -111.908376349484058, 40.781262265166667 ], [ -111.908375131702982, 40.781212740670455 ], [ -111.908374308221951, 40.781112440634011 ], [ -111.90836877910354, 40.781045406754622 ], [ -111.908370848007308, 40.780918252982978 ], [ -111.908369144855129, 40.780713525499984 ], [ -111.908368716258934, 40.780662137258162 ] ] } },
{ "type": "Feature", "properties": { "fid": 176, "type": "dash" }, "geometry": { "type": "LineString", "coordinates": [ [ -111.908152655476187, 40.781085703222011 ], [ -111.908154742124481, 40.780919954005768 ], [ -111.908157223704222, 40.780663595574445 ] ] } },
{ "type": "Feature", "properties": { "fid": 177, "type": "dash" }, "geometry": { "type": "LineString", "coordinates": [ [ -111.908159548885777, 40.781272846526889 ], [ -111.908159586811109, 40.78115602834815 ] ] } },
{ "type": "Feature", "properties": { "fid": 178, "type": "dash" }, "geometry": { "type": "LineString", "coordinates": [ [ -111.908157135258691, 40.781494324148255 ], [ -111.908156957195359, 40.781321781831153 ] ] } },
{ "type": "Feature", "properties": { "fid": 179, "type": "median" }, "geometry": { "type": "LineString", "coordinates": [ [ -111.908265301533817, 40.78066460244478 ], [ -111.908264348906229, 40.780833851407721 ], [ -111.908262950120118, 40.781448704234286 ], [ -111.908249353021489, 40.781726202108899 ], [ -111.908235734970589, 40.781842714382584 ], [ -111.908232668214822, 40.781856773176578 ], [ -111.908214622709792, 40.781887461226439 ], [ -111.908198670426287, 40.781912353822491 ], [ -111.908171745928826, 40.781929077093999 ], [ -111.908132853194303, 40.781944243415865 ], [ -111.908092953169742, 40.781965196627546 ], [ -111.908087590748451, 40.781970192236429 ], [ -111.907985576419151, 40.781975948428411 ], [ -111.907884591842915, 40.781977568588339 ], [ -111.907708674872254, 40.781979778138883 ], [ -111.907579421173196, 40.781979143703012 ], [ -111.907345958644498, 40.781982630870999 ], [ -111.907194962934426, 40.781980515831272 ], [ -111.906850680189365, 40.781981158160164 ], [ -111.906530826290208, 40.781981194760405 ], [ -111.90641471652674, 40.78198871143654 ], [ -111.906329350748877, 40.782020753560651 ], [ -111.906243403835759, 40.782089950745906 ], [ -111.906192365185163, 40.782170431677159 ], [ -111.906188301762768, 40.782191102788317 ] ] } },
{ "type": "Feature", "properties": { "fid": 180, "type": "dash" }, "geometry": { "type": "LineString", "coordinates": [ [ -111.908349916432925, 40.781255249530552 ], [ -111.908351211494193, 40.781151011369076 ], [ -111.90835055182005, 40.78098301345932 ], [ -111.908349965960696, 40.780740713833509 ], [ -111.908350000404397, 40.780663522942817 ], [ -111.908349987049647, 40.780662542685796 ] ] } },
{ "type": "Feature", "properties": { "fid": 181, "type": "solid" }, "geometry": { "type": "LineString", "coordinates": [ [ -111.908331870095509, 40.780663046486957 ], [ -111.908332472974877, 40.780727229662922 ], [ -111.908332173189621, 40.780745084933372 ], [ -111.908331637670756, 40.780775531973163 ], [ -111.908331576861244, 40.780810928684616 ], [ -111.908331123668674, 40.78083745362752 ], [ -111.908331602665612, 40.780912473358001 ], [ -111.90833158947234, 40.78097129518828 ], [ -111.908331678720032, 40.781057566350135 ], [ -111.908332476473149, 40.781195842721175 ], [ -111.908333054063547, 40.781258168562289 ] ] } },
{ "type": "Feature", "properties": { "fid": 182, "type": "solid" }, "geometry": { "type": "LineString", "coordinates": [ [ -111.908203620787233, 40.781084786118306 ], [ -111.908205465371736, 40.780662080730593 ] ] } },
{ "type": "Feature", "properties": { "fid": 183, "type": "solid" }, "geometry": { "type": "LineString", "coordinates": [ [ -111.908185772691866, 40.781090086395139 ], [ -111.908184426398236, 40.78066234951698 ] ] } },
{ "type": "Feature", "properties": { "fid": 184, "type": "median" }, "geometry": { "type": "LineString", "coordinates": [ [ -111.906284431771141, 40.782476510304811 ], [ -111.906339272225253, 40.782595786916602 ], [ -111.906405710850194, 40.78268937978855 ], [ -111.906472741810887, 40.78274664297944 ], [ -111.906533871507406, 40.782769278641439 ], [ -111.906613395725913, 40.782786816338771 ], [ -111.90667872352644, 40.782798686556447 ], [ -111.906868884107894, 40.782805447874324 ], [ -111.907007879638911, 40.782803529823475 ], [ -111.907156705231571, 40.782805662163597 ], [ -111.907619561802392, 40.782818533736545 ], [ -111.907932529353218, 40.782830931809464 ], [ -111.908093368372235, 40.782837921820196 ], [ -111.908303476243418, 40.782873831446416 ], [ -111.908492601297098, 40.782963980586658 ], [ -111.908653952301833, 40.783088196409423 ], [ -111.908975125648411, 40.783383696767878 ], [ -111.909166273408189, 40.783542350974912 ], [ -111.909574054976957, 40.783737273509757 ], [ -111.909834939445176, 40.783832633715932 ], [ -111.910299039395014, 40.78401555163795 ], [ -111.910535733132491, 40.78412885079053 ] ] } },
{ "type": "Feature", "properties": { "fid": 185, "type": "dash" }, "geometry": { "type": "LineString", "coordinates": [ [ -111.911815284478635, 40.782487837781531 ], [ -111.911601345682982, 40.782489528149355 ], [ -111.911454709655189, 40.782488622597711 ], [ -111.911232020910518, 40.782485840773198 ], [ -111.911029965869645, 40.78248289561143 ], [ -111.910930293592614, 40.78248000615384 ] ] } },
{ "type": "Feature", "properties": { "fid": 186, "type": "dash" }, "geometry": { "type": "LineString", "coordinates": [ [ -111.910926741940187, 40.782478408855468 ], [ -111.910929314026944, 40.782479730098004 ], [ -111.910929724443037, 40.782479959048942 ] ] } }
]
}
